"","spp","date","hatchdate","dph","staff","contaminant","treatment","group","targettempC","nomconclab","tank","fishID","nomconc","tl_mm","mass_g","Notes"
"1","GS","3/23/20","3/16/20",7,"SB,AES,VL","bif","I-15C-0000ng","I",15,"0000ng",NA,"R1",0,18.33,0.0437,""
"2","GS","3/23/20","3/16/20",7,"SB,AES,VL","bif","I-15C-0000ng","I",15,"0000ng",NA,"R2",0,19.23,0.0448,""
"3","GS","3/23/20","3/16/20",7,"SB,AES,VL","bif","I-15C-0000ng","I",15,"0000ng",NA,"R3",0,18.77,0.0437,""
"4","GS","3/23/20","3/16/20",7,"SB,AES,VL","bif","I-15C-0000ng","I",15,"0000ng",NA,"R4",0,18.4,0.0459,""
"5","GS","3/23/20","3/16/20",7,"SB,AES,VL","bif","I-15C-0000ng","I",15,"0000ng",NA,"R5",0,18.55,0.0428,""
"6","GS","3/23/20","3/16/20",7,"SB,AES,VL","bif","I-15C-0000ng","I",15,"0000ng",NA,"R6",0,17.89,0.0439,""
"7","GS","3/23/20","3/16/20",7,"SB,AES,VL","bif","I-15C-0000ng","I",15,"0000ng",NA,"R7",0,18.83,0.0403,"reference photo (1) euthanizes with tweezers prior to weighing and may have influenced weight"
"8","GS","3/23/20","3/16/20",7,"SB,AES,VL","bif","I-15C-0000ng","I",15,"0000ng",NA,"R8",0,18.96,0.0436,""
"9","GS","3/23/20","3/16/20",7,"SB,AES,VL","bif","I-15C-0005ng","I",15,"0005ng",NA,"R1",5,18.15,0.0566,"fluid filled sac around organs"
"10","GS","3/23/20","3/16/20",7,"SB,AES,VL","bif","I-15C-0005ng","I",15,"0005ng",NA,"R2",5,18.66,0.0465,""
"11","GS","3/23/20","3/16/20",7,"SB,AES,VL","bif","I-15C-0005ng","I",15,"0005ng",NA,"R3",5,18,0.0397,"Measured in cm"
"12","GS","3/23/20","3/16/20",7,"SB,AES,VL","bif","I-15C-0005ng","I",15,"0005ng",NA,"R4",5,17.55,0.0374,""
"13","GS","3/23/20","3/16/20",7,"SB,AES,VL","bif","I-15C-0005ng","I",15,"0005ng",NA,"R5",5,17.87,0.0493,"reference photos taken (2), vanessa called it 'bulbous'"
"14","GS","3/23/20","3/16/20",7,"SB,AES,VL","bif","I-15C-0005ng","I",15,"0005ng",NA,"R6",5,18.37,0.0438,""
"15","GS","3/23/20","3/16/20",7,"SB,AES,VL","bif","I-15C-0005ng","I",15,"0005ng",NA,"R7",5,18.89,0.0622,"fluid filled sac around organs"
"16","GS","3/23/20","3/16/20",7,"SB,AES,VL","bif","I-15C-0005ng","I",15,"0005ng",NA,"R8",5,18.81,0.0443,""
"17","GS","3/23/20","3/16/20",7,"SB,AES,VL","bif","I-15C-0100ng","I",15,"0100ng",NA,"R1",100,17.65,0.038,""
"18","GS","3/23/20","3/16/20",7,"SB,AES,VL","bif","I-15C-0100ng","I",15,"0100ng",NA,"R2",100,19.22,0.0472,""
"19","GS","3/23/20","3/16/20",7,"SB,AES,VL","bif","I-15C-0100ng","I",15,"0100ng",NA,"R3",100,18.79,0.0421,""
"20","GS","3/23/20","3/16/20",7,"SB,AES,VL","bif","I-15C-0100ng","I",15,"0100ng",NA,"R4",100,19.59,0.0448,""
"21","GS","3/23/20","3/16/20",7,"SB,AES,VL","bif","I-15C-0100ng","I",15,"0100ng",NA,"R5",100,18.22,0.0416,""
"22","GS","3/23/20","3/16/20",7,"SB,AES,VL","bif","I-15C-0100ng","I",15,"0100ng",NA,"R6",100,17.57,0.0371,"reference photos taken (2)"
"23","GS","3/23/20","3/16/20",7,"SB,AES,VL","bif","I-15C-0100ng","I",15,"0100ng",NA,"R7",100,18.66,0.0418,""
"24","GS","3/23/20","3/16/20",7,"SB,AES,VL","bif","I-15C-0100ng","I",15,"0100ng",NA,"R8",100,19.26,0.043,""
"25","GS","3/23/20","3/16/20",7,"SB,AES,VL","bif","I-15C-0500ng","I",15,"0500ng",NA,"R1",500,17.95,0.0595,"fluid filled sac around organs"
"26","GS","3/23/20","3/16/20",7,"SB,AES,VL","bif","I-15C-0500ng","I",15,"0500ng",NA,"R2",500,19.32,0.0437,""
"27","GS","3/23/20","3/16/20",7,"SB,AES,VL","bif","I-15C-0500ng","I",15,"0500ng",NA,"R3",500,18.36,0.041,""
"28","GS","3/23/20","3/16/20",7,"SB,AES,VL","bif","I-15C-0500ng","I",15,"0500ng",NA,"R4",500,18.29,0.0467,""
"29","GS","3/23/20","3/16/20",7,"SB,AES,VL","bif","I-15C-0500ng","I",15,"0500ng",NA,"R5",500,18.87,0.0422,""
"30","GS","3/23/20","3/16/20",7,"SB,AES,VL","bif","I-15C-0500ng","I",15,"0500ng",NA,"R6",500,18.6,0.0425,""
"31","GS","3/23/20","3/16/20",7,"SB,AES,VL","bif","I-15C-0500ng","I",15,"0500ng",NA,"R7",500,17.29,0.0404,""
"32","GS","3/23/20","3/16/20",7,"SB,AES,VL","bif","I-15C-0500ng","I",15,"0500ng",NA,"R8",500,18.21,0.037,""
"33","GS","3/23/20","3/16/20",7,"SB,AES,VL","bif","I-15C-1000ng","I",15,"1000ng",NA,"R1",1000,18.43,0.0416,""
"34","GS","3/23/20","3/16/20",7,"SB,AES,VL","bif","I-15C-1000ng","I",15,"1000ng",NA,"R2",1000,17.17,0.0419,""
"35","GS","3/23/20","3/16/20",7,"SB,AES,VL","bif","I-15C-1000ng","I",15,"1000ng",NA,"R3",1000,18,0.0432,"Measured in cm"
"36","GS","3/23/20","3/16/20",7,"SB,AES,VL","bif","I-15C-1000ng","I",15,"1000ng",NA,"R4",1000,17.78,0.0429,""
"37","GS","3/23/20","3/16/20",7,"SB,AES,VL","bif","I-15C-1000ng","I",15,"1000ng",NA,"R5",1000,19.5,0.0421,""
"38","GS","3/23/20","3/16/20",7,"SB,AES,VL","bif","I-15C-1000ng","I",15,"1000ng",NA,"R6",1000,18.34,0.0425,""
"39","GS","3/23/20","3/16/20",7,"SB,AES,VL","bif","I-15C-1000ng","I",15,"1000ng",NA,"R7",1000,18.58,0.0416,""
"40","GS","3/23/20","3/16/20",7,"SB,AES,VL","bif","I-15C-1000ng","I",15,"1000ng",NA,"R8",1000,18.95,0.0441,""
"41","GS","3/23/20","3/16/20",7,"SB,AES,VL","bif","I-15C-2000ng","I",15,"2000ng",NA,"R1",2000,19.17,0.0457,""
"42","GS","3/23/20","3/16/20",7,"SB,AES,VL","bif","I-15C-2000ng","I",15,"2000ng",NA,"R2",2000,19.07,0.0451,""
"43","GS","3/23/20","3/16/20",7,"SB,AES,VL","bif","I-15C-2000ng","I",15,"2000ng",NA,"R3",2000,18.95,0.0454,""
"44","GS","3/23/20","3/16/20",7,"SB,AES,VL","bif","I-15C-2000ng","I",15,"2000ng",NA,"R4",2000,18.76,0.0423,""
"45","GS","3/23/20","3/16/20",7,"SB,AES,VL","bif","I-15C-2000ng","I",15,"2000ng",NA,"R5",2000,17.92,0.0422,""
"46","GS","3/23/20","3/16/20",7,"SB,AES,VL","bif","I-15C-2000ng","I",15,"2000ng",NA,"R6",2000,18.67,0.0444,"Yolk looked oddly shaped, took photo but photo mslabeled as R5 on phone"
"47","GS","3/23/20","3/16/20",7,"SB,AES,VL","bif","I-15C-2000ng","I",15,"2000ng",NA,"R7",2000,17.76,0.0413,""
"48","GS","3/23/20","3/16/20",7,"SB,AES,VL","bif","I-15C-2000ng","I",15,"2000ng",NA,"R8",2000,17.75,0.0428,""
"49","GS","4/4/20","3/16/20",19,"SB,AES","bif","G-15C-0000ng","G",15,"0000ng",NA,"1",0,23.25,0.0899,""
"50","GS","4/4/20","3/16/20",19,"SB,AES","bif","G-15C-0000ng","G",15,"0000ng",NA,"2",0,25.05,0.076,""
"51","GS","4/4/20","3/16/20",19,"SB,AES","bif","G-15C-0000ng","G",15,"0000ng",NA,"3",0,23.79,0.0715,""
"52","GS","4/4/20","3/16/20",19,"SB,AES","bif","G-15C-0000ng","G",15,"0000ng",NA,"4",0,24.61,0.0734,""
"53","GS","4/4/20","3/16/20",19,"SB,AES","bif","G-15C-0000ng","G",15,"0000ng",NA,"5",0,24.49,0.0757,""
"54","GS","4/4/20","3/16/20",19,"SB,AES","bif","G-15C-0000ng","G",15,"0000ng",NA,"6",0,22.82,0.0633,"slight S curve in spine"
"55","GS","4/4/20","3/16/20",19,"SB,AES","bif","G-15C-0000ng","G",15,"0000ng",NA,"7",0,24.67,0.0702,""
"56","GS","4/4/20","3/16/20",19,"SB,AES","bif","G-15C-0000ng","G",15,"0000ng",NA,"8",0,24.18,0.083,""
"57","GS","4/4/20","3/16/20",19,"SB,AES","bif","G-15C-0000ng","G",15,"0000ng",NA,"9",0,23.25,0.0676,""
"58","GS","4/4/20","3/16/20",19,"SB,AES","bif","G-15C-0000ng","G",15,"0000ng",NA,"10",0,24.34,0.0799,""
"59","GS","4/4/20","3/16/20",19,"SB,AES","bif","G-15C-0000ng","G",15,"0000ng",NA,"11",0,22.85,0.1534,"fluid filled sac around organs"
"60","GS","4/4/20","3/16/20",19,"SB,AES","bif","G-15C-0005ng","G",15,"0005ng",NA,"1",5,22.96,0.0773,""
"61","GS","4/4/20","3/16/20",19,"SB,AES","bif","G-15C-0005ng","G",15,"0005ng",NA,"2",5,21.95,0.0638,""
"62","GS","4/4/20","3/16/20",19,"SB,AES","bif","G-15C-0005ng","G",15,"0005ng",NA,"3",5,22.9,0.0618,""
"63","GS","4/4/20","3/16/20",19,"SB,AES","bif","G-15C-0005ng","G",15,"0005ng",NA,"4",5,24.13,0.0768,""
"64","GS","4/4/20","3/16/20",19,"SB,AES","bif","G-15C-0005ng","G",15,"0005ng",NA,"5",5,23.27,0.0699,""
"65","GS","4/4/20","3/16/20",19,"SB,AES","bif","G-15C-0005ng","G",15,"0005ng",NA,"6",5,22.62,0.0665,""
"66","GS","4/4/20","3/16/20",19,"SB,AES","bif","G-15C-0005ng","G",15,"0005ng",NA,"7",5,23.66,0.0611,""
"67","GS","4/4/20","3/16/20",19,"SB,AES","bif","G-15C-0005ng","G",15,"0005ng",NA,"8",5,22.11,0.0571,""
"68","GS","4/4/20","3/16/20",19,"SB,AES","bif","G-15C-0005ng","G",15,"0005ng",NA,"9",5,22.61,0.0687,""
"69","GS","4/4/20","3/16/20",19,"SB,AES","bif","G-15C-0005ng","G",15,"0005ng",NA,"10",5,24.52,0.0778,""
"70","GS","4/4/20","3/16/20",19,"SB,AES","bif","G-15C-0100ng","G",15,"0100ng",NA,"1",100,24.74,0.0717,""
"71","GS","4/4/20","3/16/20",19,"SB,AES","bif","G-15C-0100ng","G",15,"0100ng",NA,"2",100,24.17,0.0769,""
"72","GS","4/4/20","3/16/20",19,"SB,AES","bif","G-15C-0100ng","G",15,"0100ng",NA,"3",100,24.82,0.0747,""
"73","GS","4/4/20","3/16/20",19,"SB,AES","bif","G-15C-0100ng","G",15,"0100ng",NA,"4",100,24.28,0.0677,""
"74","GS","4/4/20","3/16/20",19,"SB,AES","bif","G-15C-0100ng","G",15,"0100ng",NA,"5",100,22.93,0.0746,""
"75","GS","4/4/20","3/16/20",19,"SB,AES","bif","G-15C-0100ng","G",15,"0100ng",NA,"6",100,23.17,0.0635,""
"76","GS","4/4/20","3/16/20",19,"SB,AES","bif","G-15C-0100ng","G",15,"0100ng",NA,"7",100,25.14,0.0789,""
"77","GS","4/4/20","3/16/20",19,"SB,AES","bif","G-15C-0100ng","G",15,"0100ng",NA,"8",100,24.7,0.0769,""
"78","GS","4/4/20","3/16/20",19,"SB,AES","bif","G-15C-0100ng","G",15,"0100ng",NA,"9",100,23.96,0.0814,""
"79","GS","4/4/20","3/16/20",19,"SB,AES","bif","G-15C-0100ng","G",15,"0100ng",NA,"10",100,24.02,0.0786,""
"80","GS","4/4/20","3/16/20",19,"SB,AES","bif","G-15C-0500ng","G",15,"0500ng",NA,"1",500,22.56,0.0832,""
"81","GS","4/4/20","3/16/20",19,"SB,AES","bif","G-15C-0500ng","G",15,"0500ng",NA,"2",500,23.84,0.0684,""
"82","GS","4/4/20","3/16/20",19,"SB,AES","bif","G-15C-0500ng","G",15,"0500ng",NA,"3",500,25.66,0.0864,""
"83","GS","4/4/20","3/16/20",19,"SB,AES","bif","G-15C-0500ng","G",15,"0500ng",NA,"4",500,25.07,0.0825,""
"84","GS","4/4/20","3/16/20",19,"SB,AES","bif","G-15C-0500ng","G",15,"0500ng",NA,"5",500,25.33,0.0852,""
"85","GS","4/4/20","3/16/20",19,"SB,AES","bif","G-15C-0500ng","G",15,"0500ng",NA,"6",500,25.33,0.0829,""
"86","GS","4/4/20","3/16/20",19,"SB,AES","bif","G-15C-0500ng","G",15,"0500ng",NA,"7",500,24.45,0.1013,"large head, looks normal; 2nd weight = 0.0962"
"87","GS","4/4/20","3/16/20",19,"SB,AES","bif","G-15C-0500ng","G",15,"0500ng",NA,"8",500,24.25,0.0793,""
"88","GS","4/4/20","3/16/20",19,"SB,AES","bif","G-15C-0500ng","G",15,"0500ng",NA,"9",500,23.61,0.0729,""
"89","GS","4/4/20","3/16/20",19,"SB,AES","bif","G-15C-0500ng","G",15,"0500ng",NA,"10",500,24.17,0.0751,""
"90","GS","4/4/20","3/16/20",19,"SB,AES","bif","G-15C-1000ng","G",15,"1000ng",NA,"1",1000,24.86,0.0818,""
"91","GS","4/4/20","3/16/20",19,"SB,AES","bif","G-15C-1000ng","G",15,"1000ng",NA,"2",1000,25.67,0.0991,""
"92","GS","4/4/20","3/16/20",19,"SB,AES","bif","G-15C-1000ng","G",15,"1000ng",NA,"3",1000,25.49,0.1061,"large head, looks normal"
"93","GS","4/4/20","3/16/20",19,"SB,AES","bif","G-15C-1000ng","G",15,"1000ng",NA,"4",1000,23.98,0.0792,""
"94","GS","4/4/20","3/16/20",19,"SB,AES","bif","G-15C-1000ng","G",15,"1000ng",NA,"5",1000,24.55,0.0877,""
"95","GS","4/4/20","3/16/20",19,"SB,AES","bif","G-15C-1000ng","G",15,"1000ng",NA,"6",1000,23.86,0.0787,""
"96","GS","4/4/20","3/16/20",19,"SB,AES","bif","G-15C-1000ng","G",15,"1000ng",NA,"7",1000,24.21,0.0752,""
"97","GS","4/4/20","3/16/20",19,"SB,AES","bif","G-15C-1000ng","G",15,"1000ng",NA,"8",1000,26.06,0.0875,""
"98","GS","4/4/20","3/16/20",19,"SB,AES","bif","G-15C-1000ng","G",15,"1000ng",NA,"9",1000,23.38,0.088,"caudal fin deformed, shortened"
"99","GS","4/4/20","3/16/20",19,"SB,AES","bif","G-15C-1000ng","G",15,"1000ng",NA,"10",1000,25.39,0.0886,""
"100","GS","4/4/20","3/16/20",19,"SB,AES","bif","G-15C-2000ng","G",15,"2000ng",NA,"1",2000,24.99,0.0845,""
"101","GS","4/4/20","3/16/20",19,"SB,AES","bif","G-15C-2000ng","G",15,"2000ng",NA,"2",2000,24.52,0.0867,""
"102","GS","4/4/20","3/16/20",19,"SB,AES","bif","G-15C-2000ng","G",15,"2000ng",NA,"3",2000,22.94,0.0691,""
"103","GS","4/4/20","3/16/20",19,"SB,AES","bif","G-15C-2000ng","G",15,"2000ng",NA,"4",2000,24.12,0.0779,""
"104","GS","4/4/20","3/16/20",19,"SB,AES","bif","G-15C-2000ng","G",15,"2000ng",NA,"5",2000,23.93,0.0786,""
"105","GS","4/4/20","3/16/20",19,"SB,AES","bif","G-15C-2000ng","G",15,"2000ng",NA,"6",2000,20.32,0.0794,"looks dwarfed"
"106","GS","4/4/20","3/16/20",19,"SB,AES","bif","G-15C-2000ng","G",15,"2000ng",NA,"7",2000,23.2,0.0744,""
"107","GS","4/4/20","3/16/20",19,"SB,AES","bif","G-15C-2000ng","G",15,"2000ng",NA,"8",2000,24.38,0.0803,""
"108","GS","4/4/20","3/16/20",19,"SB,AES","bif","G-15C-2000ng","G",15,"2000ng",NA,"9",2000,24.06,0.0805,""
"109","GS","4/4/20","3/16/20",19,"SB,AES","bif","G-15C-2000ng","G",15,"2000ng",NA,"10",2000,24.36,0.0724,""
"110","GS","4/4/20","3/16/20",19,"SB,AES","bif","G-15C-stock","G",15,"stock",NA,"1",NA,25.29,0.0878,""
"111","GS","4/4/20","3/16/20",19,"SB,AES","bif","G-15C-stock","G",15,"stock",NA,"2",NA,25,0.0891,""
"112","GS","4/4/20","3/16/20",19,"SB,AES","bif","G-15C-stock","G",15,"stock",NA,"3",NA,24.35,0.0769,""
"113","GS","4/4/20","3/16/20",19,"SB,AES","bif","G-15C-stock","G",15,"stock",NA,"4",NA,25.13,0.0929,""
"114","GS","4/4/20","3/16/20",19,"SB,AES","bif","G-15C-stock","G",15,"stock",NA,"5",NA,23.47,0.0787,""
"115","GS","4/4/20","3/16/20",19,"SB,AES","bif","G-15C-stock","G",15,"stock",NA,"6",NA,24.57,0.0836,""
"116","GS","4/4/20","3/16/20",19,"SB,AES","bif","G-15C-stock","G",15,"stock",NA,"7",NA,23.55,0.0842,""
"117","GS","4/4/20","3/16/20",19,"SB,AES","bif","G-15C-stock","G",15,"stock",NA,"8",NA,25.6,0.0954,""
"118","GS","4/4/20","3/16/20",19,"SB,AES","bif","G-15C-stock","G",15,"stock",NA,"9",NA,25.09,0.0874,""
"119","GS","4/4/20","3/16/20",19,"SB,AES","bif","G-15C-stock","G",15,"stock",NA,"10",NA,24.44,0.0839,""
"120","GS","4/4/20","3/16/20",19,"SB,AES","bif","G-15C-stock","G",15,"stock",NA,"11",NA,25.19,0.1351,"fluid filled sac around organs"
"121","GS","4/27/20","3/16/20",42,"SB","bif","G-15C-0000ng","G",15,"0000ng",NA,"1",0,60.49,1.3601,""
"122","GS","4/27/20","3/16/20",42,"SB","bif","G-15C-0000ng","G",15,"0000ng",NA,"2",0,51.32,0.9032,""
"123","GS","4/27/20","3/16/20",42,"SB","bif","G-15C-0000ng","G",15,"0000ng",NA,"3",0,47.84,0.7445,""
"124","GS","4/27/20","3/16/20",42,"SB","bif","G-15C-0000ng","G",15,"0000ng",NA,"4",0,57.97,1.2681,""
"125","GS","4/27/20","3/16/20",42,"SB","bif","G-15C-0000ng","G",15,"0000ng",NA,"5",0,43.98,0.483,"skinny"
"126","GS","4/27/20","3/16/20",42,"SB","bif","G-15C-0000ng","G",15,"0000ng",NA,"6",0,53.59,0.996,""
"127","GS","4/27/20","3/16/20",42,"SB","bif","G-15C-0000ng","G",15,"0000ng",NA,"7",0,45.08,0.6218,""
"128","GS","4/27/20","3/16/20",42,"SB","bif","G-15C-0000ng","G",15,"0000ng",NA,"8",0,42.73,0.5679,""
"129","GS","4/27/20","3/16/20",42,"SB","bif","G-15C-0000ng","G",15,"0000ng",NA,"9",0,39.02,0.4054,""
"130","GS","4/27/20","3/16/20",42,"SB","bif","G-15C-0000ng","G",15,"0000ng",NA,"10",0,40.08,0.427,""
"131","GS","4/27/20","3/16/20",42,"SB","bif","G-15C-0005ng","G",15,"0005ng",NA,"1",5,50.49,1.0023,""
"132","GS","4/27/20","3/16/20",42,"SB","bif","G-15C-0005ng","G",15,"0005ng",NA,"2",5,43.86,0.5843,""
"133","GS","4/27/20","3/16/20",42,"SB","bif","G-15C-0005ng","G",15,"0005ng",NA,"3",5,49.77,0.7335,""
"134","GS","4/27/20","3/16/20",42,"SB","bif","G-15C-0005ng","G",15,"0005ng",NA,"4",5,54.86,1.1114,""
"135","GS","4/27/20","3/16/20",42,"SB","bif","G-15C-0005ng","G",15,"0005ng",NA,"5",5,52.18,0.9461,""
"136","GS","4/27/20","3/16/20",42,"SB","bif","G-15C-0005ng","G",15,"0005ng",NA,"6",5,40.54,0.3948,"skinny"
"137","GS","4/27/20","3/16/20",42,"SB","bif","G-15C-0005ng","G",15,"0005ng",NA,"7",5,36.11,0.2946,"skinny"
"138","GS","4/27/20","3/16/20",42,"SB","bif","G-15C-0005ng","G",15,"0005ng",NA,"8",5,54.02,1.0962,""
"139","GS","4/27/20","3/16/20",42,"SB","bif","G-15C-0005ng","G",15,"0005ng",NA,"9",5,38.3,0.3706,"skinny"
"140","GS","4/27/20","3/16/20",42,"SB","bif","G-15C-0005ng","G",15,"0005ng",NA,"10",5,43.57,0.5595,""
"141","GS","4/27/20","3/16/20",42,"SB","bif","G-15C-0100ng","G",15,"0100ng",NA,"1",100,54.35,1.0676,""
"142","GS","4/27/20","3/16/20",42,"SB","bif","G-15C-0100ng","G",15,"0100ng",NA,"2",100,54.93,1.1519,""
"143","GS","4/27/20","3/16/20",42,"SB","bif","G-15C-0100ng","G",15,"0100ng",NA,"3",100,61.66,1.5957,"big"
"144","GS","4/27/20","3/16/20",42,"SB","bif","G-15C-0100ng","G",15,"0100ng",NA,"4",100,54.52,1.0045,""
"145","GS","4/27/20","3/16/20",42,"SB","bif","G-15C-0100ng","G",15,"0100ng",NA,"5",100,33.54,0.2514,"small; short"
"146","GS","4/27/20","3/16/20",42,"SB","bif","G-15C-0100ng","G",15,"0100ng",NA,"6",100,36.37,0.3382,""
"147","GS","4/27/20","3/16/20",42,"SB","bif","G-15C-0100ng","G",15,"0100ng",NA,"7",100,47.84,0.7711,""
"148","GS","4/27/20","3/16/20",42,"SB","bif","G-15C-0100ng","G",15,"0100ng",NA,"8",100,52.96,0.9657,"head slightly deformed (defect from hatch?)"
"149","GS","4/27/20","3/16/20",42,"SB","bif","G-15C-0100ng","G",15,"0100ng",NA,"9",100,44.97,1.0538,""
"150","GS","4/27/20","3/16/20",42,"SB","bif","G-15C-0100ng","G",15,"0100ng",NA,"10",100,42.28,0.5332,""
"151","GS","4/27/20","3/16/20",42,"SB","bif","G-15C-0500ng","G",15,"0500ng",NA,"1",500,54.18,1.0847,""
"152","GS","4/27/20","3/16/20",42,"SB","bif","G-15C-0500ng","G",15,"0500ng",NA,"2",500,54.77,1.0601,""
"153","GS","4/27/20","3/16/20",42,"SB","bif","G-15C-0500ng","G",15,"0500ng",NA,"3",500,53.9,0.921,""
"154","GS","4/27/20","3/16/20",42,"SB","bif","G-15C-0500ng","G",15,"0500ng",NA,"4",500,49.29,0.7737,""
"155","GS","4/27/20","3/16/20",42,"SB","bif","G-15C-0500ng","G",15,"0500ng",NA,"5",500,41.94,0.5854,""
"156","GS","4/27/20","3/16/20",42,"SB","bif","G-15C-0500ng","G",15,"0500ng",NA,"6",500,51.42,0.9376,""
"157","GS","4/27/20","3/16/20",42,"SB","bif","G-15C-0500ng","G",15,"0500ng",NA,"7",500,33.36,0.2583,""
"158","GS","4/27/20","3/16/20",42,"SB","bif","G-15C-0500ng","G",15,"0500ng",NA,"8",500,60.48,1.5016,"big"
"159","GS","4/27/20","3/16/20",42,"SB","bif","G-15C-0500ng","G",15,"0500ng",NA,"9",500,44.32,0.5987,""
"160","GS","4/27/20","3/16/20",42,"SB","bif","G-15C-0500ng","G",15,"0500ng",NA,"10",500,53.29,1.1028,""
"161","GS","4/27/20","3/16/20",42,"SB","bif","G-15C-1000ng","G",15,"1000ng",NA,"1",1000,56.36,1.3572,""
"162","GS","4/27/20","3/16/20",42,"SB","bif","G-15C-1000ng","G",15,"1000ng",NA,"2",1000,62.18,1.5949,""
"163","GS","4/27/20","3/16/20",42,"SB","bif","G-15C-1000ng","G",15,"1000ng",NA,"3",1000,51.76,0.9761,""
"164","GS","4/27/20","3/16/20",42,"SB","bif","G-15C-1000ng","G",15,"1000ng",NA,"4",1000,63.33,1.6081,""
"165","GS","4/27/20","3/16/20",42,"SB","bif","G-15C-1000ng","G",15,"1000ng",NA,"5",1000,51.36,0.9452,""
"166","GS","4/27/20","3/16/20",42,"SB","bif","G-15C-1000ng","G",15,"1000ng",NA,"6",1000,51.96,1.0205,""
"167","GS","4/27/20","3/16/20",42,"SB","bif","G-15C-1000ng","G",15,"1000ng",NA,"7",1000,53.38,1.0543,""
"168","GS","4/27/20","3/16/20",42,"SB","bif","G-15C-1000ng","G",15,"1000ng",NA,"8",1000,42.26,0.543,""
"169","GS","4/27/20","3/16/20",42,"SB","bif","G-15C-1000ng","G",15,"1000ng",NA,"9",1000,38.85,0.4374,""
"170","GS","4/27/20","3/16/20",42,"SB","bif","G-15C-1000ng","G",15,"1000ng",NA,"10",1000,52.8,0.9788,""
"171","GS","4/27/20","3/16/20",42,"SB","bif","G-15C-2000ng","G",15,"2000ng",NA,"1",2000,42.41,0.7033,""
"172","GS","4/27/20","3/16/20",42,"SB","bif","G-15C-2000ng","G",15,"2000ng",NA,"2",2000,40.43,0.5008,""
"173","GS","4/27/20","3/16/20",42,"SB","bif","G-15C-2000ng","G",15,"2000ng",NA,"3",2000,39.26,0.3374,""
"174","GS","4/27/20","3/16/20",42,"SB","bif","G-15C-2000ng","G",15,"2000ng",NA,"4",2000,51.83,1.0446,""
"175","GS","4/27/20","3/16/20",42,"SB","bif","G-15C-2000ng","G",15,"2000ng",NA,"5",2000,47.94,0.8722,""
"176","GS","4/27/20","3/16/20",42,"SB","bif","G-15C-2000ng","G",15,"2000ng",NA,"6",2000,54.54,1.1806,""
"177","GS","4/27/20","3/16/20",42,"SB","bif","G-15C-2000ng","G",15,"2000ng",NA,"7",2000,50.38,0.8344,""
"178","GS","4/27/20","3/16/20",42,"SB","bif","G-15C-2000ng","G",15,"2000ng",NA,"8",2000,51.04,1.0151,""
"179","GS","4/27/20","3/16/20",42,"SB","bif","G-15C-2000ng","G",15,"2000ng",NA,"9",2000,54.64,1.0859,""
"180","GS","4/27/20","3/16/20",42,"SB","bif","G-15C-2000ng","G",15,"2000ng",NA,"10",2000,60.46,1.3462,"lots of feces coming out before weight"
"181","GS","4/27/20","3/16/20",42,"SB","bif","G-15C-stock","G",15,"stock",NA,"1",NA,50.21,0.9088,""
"182","GS","4/27/20","3/16/20",42,"SB","bif","G-15C-stock","G",15,"stock",NA,"2",NA,61.94,1.66,""
"183","GS","4/27/20","3/16/20",42,"SB","bif","G-15C-stock","G",15,"stock",NA,"3",NA,55.06,1.3431,""
"184","GS","4/27/20","3/16/20",42,"SB","bif","G-15C-stock","G",15,"stock",NA,"4",NA,55.04,1.2132,"no left eye"
"185","GS","4/27/20","3/16/20",42,"SB","bif","G-15C-stock","G",15,"stock",NA,"5",NA,50.66,0.7877,""
"186","GS","4/27/20","3/16/20",42,"SB","bif","G-15C-stock","G",15,"stock",NA,"6",NA,41.61,0.9508,"caudal fin deformity; missing;short"
"187","GS","4/27/20","3/16/20",42,"SB","bif","G-15C-stock","G",15,"stock",NA,"7",NA,43.79,0.7359,""
"188","GS","4/27/20","3/16/20",42,"SB","bif","G-15C-stock","G",15,"stock",NA,"8",NA,48.12,0.8642,""
"189","GS","4/27/20","3/16/20",42,"SB","bif","G-15C-stock","G",15,"stock",NA,"9",NA,40.09,0.4951,""
"190","GS","4/27/20","3/16/20",42,"SB","bif","G-15C-stock","G",15,"stock",NA,"10",NA,56.63,1.2099,""
"191","GS","5/4/20","3/16/20",49,"SB","bif","G-15C-0000ng","G",15,"0000ng",NA,"1",0,50,0.8,"tank E1"
"192","GS","5/4/20","3/16/20",49,"SB","bif","G-15C-0000ng","G",15,"0000ng",NA,"2",0,74,2.6,"tank E1"
"193","GS","5/4/20","3/16/20",49,"SB","bif","G-15C-0000ng","G",15,"0000ng",NA,"3",0,78,2.9,"tank E1"
"194","GS","5/4/20","3/16/20",49,"SB","bif","G-15C-0000ng","G",15,"0000ng",NA,"4",0,59,1.3,"tank E1"
"195","GS","5/4/20","3/16/20",49,"SB","bif","G-15C-0000ng","G",15,"0000ng",NA,"5",0,76,3,"tank E1"
"196","GS","5/4/20","3/16/20",49,"SB","bif","G-15C-0000ng","G",15,"0000ng",NA,"6",0,65,1.7,"tank E1"
"197","GS","5/4/20","3/16/20",49,"SB","bif","G-15C-0000ng","G",15,"0000ng",NA,"7",0,62,1.8,"tank E1"
"198","GS","5/4/20","3/16/20",49,"SB","bif","G-15C-0000ng","G",15,"0000ng",NA,"8",0,71,2.4,"tank E1"
"199","GS","5/4/20","3/16/20",49,"SB","bif","G-15C-0000ng","G",15,"0000ng",NA,"9",0,80,3,"tank E1"
"200","GS","5/4/20","3/16/20",49,"SB","bif","G-15C-0000ng","G",15,"0000ng",NA,"10",0,44,0.6,"tank E1"
"201","GS","5/4/20","3/16/20",49,"SB","bif","G-15C-0005ng","G",15,"0005ng",NA,"1",5,62,1.6,"tank E2"
"202","GS","5/4/20","3/16/20",49,"SB","bif","G-15C-0005ng","G",15,"0005ng",NA,"2",5,68,2,"tank E2"
"203","GS","5/4/20","3/16/20",49,"SB","bif","G-15C-0005ng","G",15,"0005ng",NA,"3",5,69,2.2,"tank E2"
"204","GS","5/4/20","3/16/20",49,"SB","bif","G-15C-0005ng","G",15,"0005ng",NA,"4",5,68,2.5,"tank E2"
"205","GS","5/4/20","3/16/20",49,"SB","bif","G-15C-0005ng","G",15,"0005ng",NA,"5",5,79,3.2,"tank E2"
"206","GS","5/4/20","3/16/20",49,"SB","bif","G-15C-0005ng","G",15,"0005ng",NA,"6",5,71,2.7,"tank E2"
"207","GS","5/4/20","3/16/20",49,"SB","bif","G-15C-0005ng","G",15,"0005ng",NA,"7",5,69,2.5,"tank E2"
"208","GS","5/4/20","3/16/20",49,"SB","bif","G-15C-0005ng","G",15,"0005ng",NA,"8",5,53,1,"tank E2"
"209","GS","5/4/20","3/16/20",49,"SB","bif","G-15C-0005ng","G",15,"0005ng",NA,"9",5,67,1.9,"tank E2"
"210","GS","5/4/20","3/16/20",49,"SB","bif","G-15C-0005ng","G",15,"0005ng",NA,"10",5,60,1.8,"tank E2"
"211","GS","5/4/20","3/16/20",49,"SB","bif","G-15C-0100ng","G",15,"0100ng",NA,"1",100,71,2.4,"tank E3"
"212","GS","5/4/20","3/16/20",49,"SB","bif","G-15C-0100ng","G",15,"0100ng",NA,"2",100,76,2.5,"tank E3"
"213","GS","5/4/20","3/16/20",49,"SB","bif","G-15C-0100ng","G",15,"0100ng",NA,"3",100,59,1.2,"tank E3"
"214","GS","5/4/20","3/16/20",49,"SB","bif","G-15C-0100ng","G",15,"0100ng",NA,"4",100,73,2.4,"tank E3"
"215","GS","5/4/20","3/16/20",49,"SB","bif","G-15C-0100ng","G",15,"0100ng",NA,"5",100,62,1.8,"tank E3"
"216","GS","5/4/20","3/16/20",49,"SB","bif","G-15C-0100ng","G",15,"0100ng",NA,"6",100,59,1.4,"tank E3"
"217","GS","5/4/20","3/16/20",49,"SB","bif","G-15C-0100ng","G",15,"0100ng",NA,"7",100,54,1,"tank E3"
"218","GS","5/4/20","3/16/20",49,"SB","bif","G-15C-0100ng","G",15,"0100ng",NA,"8",100,54,1.2,"tank E3"
"219","GS","5/4/20","3/16/20",49,"SB","bif","G-15C-0100ng","G",15,"0100ng",NA,"9",100,48,0.7,"tank E3"
"220","GS","5/4/20","3/16/20",49,"SB","bif","G-15C-0100ng","G",15,"0100ng",NA,"10",100,45,0.4,"tank E3"
"221","GS","5/4/20","3/16/20",49,"SB","bif","G-15C-0500ng","G",15,"0500ng",NA,"1",500,70,2.2,"tank E4"
"222","GS","5/4/20","3/16/20",49,"SB","bif","G-15C-0500ng","G",15,"0500ng",NA,"2",500,66,1.7,"tank E4"
"223","GS","5/4/20","3/16/20",49,"SB","bif","G-15C-0500ng","G",15,"0500ng",NA,"3",500,74,2.5,"tank E4"
"224","GS","5/4/20","3/16/20",49,"SB","bif","G-15C-0500ng","G",15,"0500ng",NA,"4",500,74,2.8,"tank E4"
"225","GS","5/4/20","3/16/20",49,"SB","bif","G-15C-0500ng","G",15,"0500ng",NA,"5",500,72,2.6,"tank E4"
"226","GS","5/4/20","3/16/20",49,"SB","bif","G-15C-0500ng","G",15,"0500ng",NA,"6",500,65,1.8,"tank E4"
"227","GS","5/4/20","3/16/20",49,"SB","bif","G-15C-0500ng","G",15,"0500ng",NA,"7",500,69,2.2,"tank E4"
"228","GS","5/4/20","3/16/20",49,"SB","bif","G-15C-0500ng","G",15,"0500ng",NA,"8",500,53,1,"tank E4"
"229","GS","5/4/20","3/16/20",49,"SB","bif","G-15C-0500ng","G",15,"0500ng",NA,"9",500,58,1.4,"tank E4"
"230","GS","5/4/20","3/16/20",49,"SB","bif","G-15C-0500ng","G",15,"0500ng",NA,"10",500,64,1.8,"tank E4"
"231","GS","5/4/20","3/16/20",49,"SB","bif","G-15C-1000ng","G",15,"1000ng",NA,"1",1000,77,3,"tank F4"
"232","GS","5/4/20","3/16/20",49,"SB","bif","G-15C-1000ng","G",15,"1000ng",NA,"2",1000,70,2.3,"tank F4"
"233","GS","5/4/20","3/16/20",49,"SB","bif","G-15C-1000ng","G",15,"1000ng",NA,"3",1000,55,1.1,"tank F4"
"234","GS","5/4/20","3/16/20",49,"SB","bif","G-15C-1000ng","G",15,"1000ng",NA,"4",1000,72,2.3,"tank F4"
"235","GS","5/4/20","3/16/20",49,"SB","bif","G-15C-1000ng","G",15,"1000ng",NA,"5",1000,60,1.4,"tank F4"
"236","GS","5/4/20","3/16/20",49,"SB","bif","G-15C-1000ng","G",15,"1000ng",NA,"6",1000,67,2.1,"tank F4"
"237","GS","5/4/20","3/16/20",49,"SB","bif","G-15C-1000ng","G",15,"1000ng",NA,"7",1000,77,2.9,"tank F4"
"238","GS","5/4/20","3/16/20",49,"SB","bif","G-15C-1000ng","G",15,"1000ng",NA,"8",1000,63,1.8,"tank F4"
"239","GS","5/4/20","3/16/20",49,"SB","bif","G-15C-1000ng","G",15,"1000ng",NA,"9",1000,46,0.6,"tank F4"
"240","GS","5/4/20","3/16/20",49,"SB","bif","G-15C-1000ng","G",15,"1000ng",NA,"10",1000,57,1.2,"tank F4"
"241","GS","5/4/20","3/16/20",49,"SB","bif","G-15C-2000ng","G",15,"2000ng",NA,"1",2000,75,2.8,"tank F3"
"242","GS","5/4/20","3/16/20",49,"SB","bif","G-15C-2000ng","G",15,"2000ng",NA,"2",2000,78,3,"tank F3"
"243","GS","5/4/20","3/16/20",49,"SB","bif","G-15C-2000ng","G",15,"2000ng",NA,"3",2000,71,2.2,"tank F3"
"244","GS","5/4/20","3/16/20",49,"SB","bif","G-15C-2000ng","G",15,"2000ng",NA,"4",2000,60,1.6,"tank F3"
"245","GS","5/4/20","3/16/20",49,"SB","bif","G-15C-2000ng","G",15,"2000ng",NA,"5",2000,68,2.1,"tank F3"
"246","GS","5/4/20","3/16/20",49,"SB","bif","G-15C-2000ng","G",15,"2000ng",NA,"6",2000,73,2.4,"tank F3"
"247","GS","5/4/20","3/16/20",49,"SB","bif","G-15C-2000ng","G",15,"2000ng",NA,"7",2000,70,2.2,"tank F3"
"248","GS","5/4/20","3/16/20",49,"SB","bif","G-15C-2000ng","G",15,"2000ng",NA,"8",2000,71,2.1,"tank F3"
"249","GS","5/4/20","3/16/20",49,"SB","bif","G-15C-2000ng","G",15,"2000ng",NA,"9",2000,61,1.6,"tank F3"
"250","GS","5/4/20","3/16/20",49,"SB","bif","G-15C-2000ng","G",15,"2000ng",NA,"10",2000,49,0.9,"tank F3"
"251","GS","5/4/20","3/16/20",49,"SB","bif","G-15C-stock","G",15,"stock",NA,"1",NA,58,1.8,"tank O_5"
"252","GS","5/4/20","3/16/20",49,"SB","bif","G-15C-stock","G",15,"stock",NA,"2",NA,75,2.7,"tank O_5"
"253","GS","5/4/20","3/16/20",49,"SB","bif","G-15C-stock","G",15,"stock",NA,"3",NA,75,2.7,"tank O_5"
"254","GS","5/4/20","3/16/20",49,"SB","bif","G-15C-stock","G",15,"stock",NA,"4",NA,61,1.6,"tank O_5"
"255","GS","5/4/20","3/16/20",49,"SB","bif","G-15C-stock","G",15,"stock",NA,"5",NA,62,1.6,"tank O_5"
"256","GS","5/4/20","3/16/20",49,"SB","bif","G-15C-stock","G",15,"stock",NA,"6",NA,45,0.7,"tank O_5"
"257","GS","5/4/20","3/16/20",49,"SB","bif","G-15C-stock","G",15,"stock",NA,"7",NA,75,2.9,"tank O_5"
"258","GS","5/4/20","3/16/20",49,"SB","bif","G-15C-stock","G",15,"stock",NA,"8",NA,78,2.8,"tank O_5"
"259","GS","5/4/20","3/16/20",49,"SB","bif","G-15C-stock","G",15,"stock",NA,"9",NA,50,1,"tank O_5"
"260","GS","5/4/20","3/16/20",49,"SB","bif","G-15C-stock","G",15,"stock",NA,"10",NA,71,2.5,"tank O_5"
"261","GS","7/2/20","3/16/20",108,"SB","bif","G-15C-0000ng","G",15,"0000ng",NA,"1",0,201,39.3,"control"
"262","GS","7/2/20","3/16/20",108,"SB","bif","G-15C-0000ng","G",15,"0000ng",NA,"2",0,250,66.9,"control"
"263","GS","7/2/20","3/16/20",108,"SB","bif","G-15C-0000ng","G",15,"0000ng",NA,"3",0,154,13.9,"control"
"264","GS","7/2/20","3/16/20",108,"SB","bif","G-15C-0000ng","G",15,"0000ng",NA,"4",0,179,24.4,"control"
"265","GS","7/2/20","3/16/20",108,"SB","bif","G-15C-0000ng","G",15,"0000ng",NA,"5",0,180,24.3,"control"
"266","GS","7/2/20","3/16/20",108,"SB","bif","G-15C-0000ng","G",15,"0000ng",NA,"6",0,224,48,"control"
"267","GS","7/2/20","3/16/20",108,"SB","bif","G-15C-0000ng","G",15,"0000ng",NA,"7",0,176,25.2,"control"
"268","GS","7/2/20","3/16/20",108,"SB","bif","G-15C-0005ng","G",15,"0005ng",NA,"1",5,249,61.4,"low"
"269","GS","7/2/20","3/16/20",108,"SB","bif","G-15C-0005ng","G",15,"0005ng",NA,"2",5,222,45.1,"low"
"270","GS","7/2/20","3/16/20",108,"SB","bif","G-15C-0005ng","G",15,"0005ng",NA,"3",5,219,45.1,"low"
"271","GS","7/2/20","3/16/20",108,"SB","bif","G-15C-0005ng","G",15,"0005ng",NA,"4",5,210,39.4,"low"
"272","GS","7/2/20","3/16/20",108,"SB","bif","G-15C-0005ng","G",15,"0005ng",NA,"5",5,225,50.5,"low"
"273","GS","7/2/20","3/16/20",108,"SB","bif","G-15C-0005ng","G",15,"0005ng",NA,"6",5,221,49.9,"low"
"274","GS","7/2/20","3/16/20",108,"SB","bif","G-15C-0005ng","G",15,"0005ng",NA,"7",5,219,48.1,"low"
"275","GS","7/2/20","3/16/20",108,"SB","bif","G-15C-0005ng","G",15,"0005ng",NA,"8",5,263,76,"low"
"276","GS","7/2/20","3/16/20",108,"SB","bif","G-15C-0005ng","G",15,"0005ng",NA,"9",5,250,57.3,"low"
"277","GS","7/2/20","3/16/20",108,"SB","bif","G-15C-0005ng","G",15,"0005ng",NA,"10",5,182,25.4,"low"
"278","GS","7/2/20","3/16/20",108,"SB","bif","G-15C-0005ng","G",15,"0005ng",NA,"11",5,146,10.6,"low"
"279","GS","7/2/20","3/16/20",108,"SB","bif","G-15C-0005ng","G",15,"0005ng",NA,"12",5,247,62.8,"low"
"280","GS","7/2/20","3/16/20",108,"SB","bif","G-15C-0005ng","G",15,"0005ng",NA,"13",5,202,37.2,"low"
"281","GS","7/2/20","3/16/20",108,"SB","bif","G-15C-0005ng","G",15,"0005ng",NA,"14",5,174,23,"low"
"282","GS","7/2/20","3/16/20",108,"SB","bif","G-15C-0005ng","G",15,"0005ng",NA,"15",5,186,27.9,"low"
"283","GS","7/2/20","3/16/20",108,"SB","bif","G-15C-0005ng","G",15,"0005ng",NA,"16",5,240,47.6,"low"
"284","GS","7/2/20","3/16/20",108,"SB","bif","G-15C-0005ng","G",15,"0005ng",NA,"17",5,189,27.9,"low"
"285","GS","7/2/20","3/16/20",108,"SB","bif","G-15C-0005ng","G",15,"0005ng",NA,"18",5,201,36.1,"low"
"286","GS","7/2/20","3/16/20",108,"SB","bif","G-15C-0005ng","G",15,"0005ng",NA,"19",5,215,46.6,"low"
"287","GS","7/2/20","3/16/20",108,"SB","bif","G-15C-0005ng","G",15,"0005ng",NA,"20",5,197,37.7,"low"
"288","GS","7/2/20","3/16/20",108,"SB","bif","G-15C-0005ng","G",15,"0005ng",NA,"21",5,192,28.6,"low"
"289","GS","7/2/20","3/16/20",108,"SB","bif","G-15C-0005ng","G",15,"0005ng",NA,"22",5,222,45.1,"low"
"290","GS","7/2/20","3/16/20",108,"SB","bif","G-15C-0005ng","G",15,"0005ng",NA,"23",5,187,28.7,"low"
"291","GS","7/2/20","3/16/20",108,"SB","bif","G-15C-0005ng","G",15,"0005ng",NA,"24",5,166,22.2,"low"
"292","GS","7/2/20","3/16/20",108,"SB","bif","G-15C-0005ng","G",15,"0005ng",NA,"25",5,182,32.7,"low"
"293","GS","7/2/20","3/16/20",108,"SB","bif","G-15C-0005ng","G",15,"0005ng",NA,"26",5,211,38,"low"
"294","GS","7/2/20","3/16/20",108,"SB","bif","G-15C-0005ng","G",15,"0005ng",NA,"27",5,264,67,"low"
"295","GS","7/2/20","3/16/20",108,"SB","bif","G-15C-0005ng","G",15,"0005ng",NA,"28",5,174,24.4,"low"
"296","GS","7/2/20","3/16/20",108,"SB","bif","G-15C-0005ng","G",15,"0005ng",NA,"29",5,253,72.3,"low"
"297","GS","7/2/20","3/16/20",108,"SB","bif","G-15C-0005ng","G",15,"0005ng",NA,"30",5,210,39.4,"low"
"298","GS","7/2/20","3/16/20",108,"SB","bif","G-15C-0005ng","G",15,"0005ng",NA,"31",5,170,23.5,"low"
"299","GS","7/2/20","3/16/20",108,"SB","bif","G-15C-0005ng","G",15,"0005ng",NA,"32",5,188,28.1,"low"
"300","GS","7/2/20","3/16/20",108,"SB","bif","G-15C-0005ng","G",15,"0005ng",NA,"33",5,187,28,"low"
"301","GS","7/2/20","3/16/20",108,"SB","bif","G-15C-0100ng","G",15,"0100ng",NA,"1",100,237,49.5,"med_low"
"302","GS","7/2/20","3/16/20",108,"SB","bif","G-15C-0100ng","G",15,"0100ng",NA,"2",100,243,59.2,"med_low"
"303","GS","7/2/20","3/16/20",108,"SB","bif","G-15C-0100ng","G",15,"0100ng",NA,"3",100,259,70.4,"med_low"
"304","GS","7/2/20","3/16/20",108,"SB","bif","G-15C-0100ng","G",15,"0100ng",NA,"4",100,181,24.7,"med_low"
"305","GS","7/2/20","3/16/20",108,"SB","bif","G-15C-0100ng","G",15,"0100ng",NA,"5",100,289,85.6,"med_low"
"306","GS","7/2/20","3/16/20",108,"SB","bif","G-15C-0100ng","G",15,"0100ng",NA,"6",100,223,39.4,"med_low"
"307","GS","7/2/20","3/16/20",108,"SB","bif","G-15C-0100ng","G",15,"0100ng",NA,"7",100,217,37.7,"med_low"
"308","GS","7/2/20","3/16/20",108,"SB","bif","G-15C-0100ng","G",15,"0100ng",NA,"8",100,204,29.6,"med_low"
"309","GS","7/2/20","3/16/20",108,"SB","bif","G-15C-0100ng","G",15,"0100ng",NA,"9",100,254,56.1,"med_low"
"310","GS","7/2/20","3/16/20",108,"SB","bif","G-15C-0100ng","G",15,"0100ng",NA,"10",100,179,26,"med_low"
"311","GS","7/2/20","3/16/20",108,"SB","bif","G-15C-0100ng","G",15,"0100ng",NA,"11",100,203,33.2,"med_low"
"312","GS","7/2/20","3/16/20",108,"SB","bif","G-15C-0100ng","G",15,"0100ng",NA,"12",100,234,56.3,"med_low"
"313","GS","7/2/20","3/16/20",108,"SB","bif","G-15C-0100ng","G",15,"0100ng",NA,"13",100,236,62,"med_low"
"314","GS","7/2/20","3/16/20",108,"SB","bif","G-15C-0100ng","G",15,"0100ng",NA,"14",100,186,26.9,"med_low"
"315","GS","7/2/20","3/16/20",108,"SB","bif","G-15C-0100ng","G",15,"0100ng",NA,"15",100,175,22,"med_low"
"316","GS","7/2/20","3/16/20",108,"SB","bif","G-15C-0100ng","G",15,"0100ng",NA,"16",100,201,32.2,"med_low"
"317","GS","7/2/20","3/16/20",108,"SB","bif","G-15C-0100ng","G",15,"0100ng",NA,"17",100,229,51.1,"med_low"
"318","GS","7/2/20","3/16/20",108,"SB","bif","G-15C-0100ng","G",15,"0100ng",NA,"18",100,249,62.6,"med_low"
"319","GS","7/2/20","3/16/20",108,"SB","bif","G-15C-0100ng","G",15,"0100ng",NA,"19",100,195,27,"med_low"
"320","GS","7/2/20","3/16/20",108,"SB","bif","G-15C-0100ng","G",15,"0100ng",NA,"20",100,239,50.5,"med_low"
"321","GS","7/2/20","3/16/20",108,"SB","bif","G-15C-0100ng","G",15,"0100ng",NA,"21",100,224,41.8,"med_low"
"322","GS","7/2/20","3/16/20",108,"SB","bif","G-15C-0100ng","G",15,"0100ng",NA,"22",100,240,52.1,"med_low"
"323","GS","7/2/20","3/16/20",108,"SB","bif","G-15C-0100ng","G",15,"0100ng",NA,"23",100,254,67.4,"med_low"
"324","GS","7/2/20","3/16/20",108,"SB","bif","G-15C-0100ng","G",15,"0100ng",NA,"24",100,228,50.4,"med_low"
"325","GS","7/2/20","3/16/20",108,"SB","bif","G-15C-0100ng","G",15,"0100ng",NA,"25",100,213,39,"med_low"
"326","GS","7/2/20","3/16/20",108,"SB","bif","G-15C-0100ng","G",15,"0100ng",NA,"26",100,161,17,"med_low"
"327","GS","7/2/20","3/16/20",108,"SB","bif","G-15C-0100ng","G",15,"0100ng",NA,"27",100,188,26.4,"med_low"
"328","GS","7/2/20","3/16/20",108,"SB","bif","G-15C-0100ng","G",15,"0100ng",NA,"28",100,230,25,"med_low"
"329","GS","7/2/20","3/16/20",108,"SB","bif","G-15C-0100ng","G",15,"0100ng",NA,"29",100,174,22.3,"med_low"
"330","GS","7/2/20","3/16/20",108,"SB","bif","G-15C-0100ng","G",15,"0100ng",NA,"30",100,218,44.8,"med_low"
"331","GS","7/2/20","3/16/20",108,"SB","bif","G-15C-0100ng","G",15,"0100ng",NA,"31",100,280,101.4,"med_low"
"332","GS","7/2/20","3/16/20",108,"SB","bif","G-15C-0500ng","G",15,"0500ng",NA,"1",500,183,26,"high_med"
"333","GS","7/2/20","3/16/20",108,"SB","bif","G-15C-0500ng","G",15,"0500ng",NA,"2",500,272,85.7,"high_med"
"334","GS","7/2/20","3/16/20",108,"SB","bif","G-15C-0500ng","G",15,"0500ng",NA,"3",500,247,62.8,"high_med"
"335","GS","7/2/20","3/16/20",108,"SB","bif","G-15C-0500ng","G",15,"0500ng",NA,"4",500,220,50.2,"high_med"
"336","GS","7/2/20","3/16/20",108,"SB","bif","G-15C-0500ng","G",15,"0500ng",NA,"5",500,186,31.2,"high_med"
"337","GS","7/2/20","3/16/20",108,"SB","bif","G-15C-0500ng","G",15,"0500ng",NA,"6",500,192,34.6,"high_med"
"338","GS","7/2/20","3/16/20",108,"SB","bif","G-15C-0500ng","G",15,"0500ng",NA,"7",500,208,38.5,"high_med"
"339","GS","7/2/20","3/16/20",108,"SB","bif","G-15C-0500ng","G",15,"0500ng",NA,"8",500,187,30.7,"high_med"
"340","GS","7/2/20","3/16/20",108,"SB","bif","G-15C-0500ng","G",15,"0500ng",NA,"9",500,186,33.8,"high_med"
"341","GS","7/2/20","3/16/20",108,"SB","bif","G-15C-0500ng","G",15,"0500ng",NA,"10",500,209,43.7,"high_med"
"342","GS","7/2/20","3/16/20",108,"SB","bif","G-15C-0500ng","G",15,"0500ng",NA,"11",500,217,46.7,"high_med"
"343","GS","7/2/20","3/16/20",108,"SB","bif","G-15C-0500ng","G",15,"0500ng",NA,"12",500,220,44.3,"high_med"
"344","GS","7/2/20","3/16/20",108,"SB","bif","G-15C-0500ng","G",15,"0500ng",NA,"13",500,228,52.9,"high_med"
"345","GS","7/2/20","3/16/20",108,"SB","bif","G-15C-0500ng","G",15,"0500ng",NA,"14",500,227,45.1,"high_med"
"346","GS","7/2/20","3/16/20",108,"SB","bif","G-15C-0500ng","G",15,"0500ng",NA,"15",500,194,34.2,"high_med"
"347","GS","7/2/20","3/16/20",108,"SB","bif","G-15C-0500ng","G",15,"0500ng",NA,"16",500,167,21.1,"high_med"
"348","GS","7/2/20","3/16/20",108,"SB","bif","G-15C-0500ng","G",15,"0500ng",NA,"17",500,181,25.8,"high_med"
"349","GS","7/2/20","3/16/20",108,"SB","bif","G-15C-0500ng","G",15,"0500ng",NA,"18",500,243,63.2,"high_med"
"350","GS","7/2/20","3/16/20",108,"SB","bif","G-15C-0500ng","G",15,"0500ng",NA,"19",500,185,27.1,"high_med"
"351","GS","7/2/20","3/16/20",108,"SB","bif","G-15C-0500ng","G",15,"0500ng",NA,"20",500,246,59.7,"high_med"
"352","GS","7/2/20","3/16/20",108,"SB","bif","G-15C-0500ng","G",15,"0500ng",NA,"21",500,160,17.1,"high_med"
"353","GS","7/2/20","3/16/20",108,"SB","bif","G-15C-1000ng","G",15,"1000ng",NA,"1",1000,193,31.5,"highish"
"354","GS","7/2/20","3/16/20",108,"SB","bif","G-15C-1000ng","G",15,"1000ng",NA,"2",1000,208,39.3,"highish"
"355","GS","7/2/20","3/16/20",108,"SB","bif","G-15C-1000ng","G",15,"1000ng",NA,"3",1000,240,53,"highish"
"356","GS","7/2/20","3/16/20",108,"SB","bif","G-15C-1000ng","G",15,"1000ng",NA,"4",1000,203,38.3,"highish"
"357","GS","7/2/20","3/16/20",108,"SB","bif","G-15C-1000ng","G",15,"1000ng",NA,"5",1000,267,79.4,"highish"
"358","GS","7/2/20","3/16/20",108,"SB","bif","G-15C-1000ng","G",15,"1000ng",NA,"6",1000,246,58.8,"highish"
"359","GS","7/2/20","3/16/20",108,"SB","bif","G-15C-1000ng","G",15,"1000ng",NA,"7",1000,154,17.1,"highish"
"360","GS","7/2/20","3/16/20",108,"SB","bif","G-15C-1000ng","G",15,"1000ng",NA,"8",1000,257,68.9,"highish"
"361","GS","7/2/20","3/16/20",108,"SB","bif","G-15C-1000ng","G",15,"1000ng",NA,"9",1000,282,86.6,"highish"
"362","GS","7/2/20","3/16/20",108,"SB","bif","G-15C-1000ng","G",15,"1000ng",NA,"10",1000,224,44.1,"highish"
"363","GS","7/2/20","3/16/20",108,"SB","bif","G-15C-1000ng","G",15,"1000ng",NA,"11",1000,175,24.6,"highish"
"364","GS","7/2/20","3/16/20",108,"SB","bif","G-15C-1000ng","G",15,"1000ng",NA,"12",1000,175,23,"highish"
"365","GS","7/2/20","3/16/20",108,"SB","bif","G-15C-1000ng","G",15,"1000ng",NA,"13",1000,260,66.2,"highish"
"366","GS","7/2/20","3/16/20",108,"SB","bif","G-15C-1000ng","G",15,"1000ng",NA,"14",1000,273,75.3,"highish"
"367","GS","7/2/20","3/16/20",108,"SB","bif","G-15C-1000ng","G",15,"1000ng",NA,"15",1000,244,56.7,"highish"
"368","GS","7/2/20","3/16/20",108,"SB","bif","G-15C-1000ng","G",15,"1000ng",NA,"16",1000,229,47.7,"highish"
"369","GS","7/2/20","3/16/20",108,"SB","bif","G-15C-1000ng","G",15,"1000ng",NA,"17",1000,229,49.3,"highish"
"370","GS","7/2/20","3/16/20",108,"SB","bif","G-15C-1000ng","G",15,"1000ng",NA,"18",1000,242,57.5,"highish"
"371","GS","7/2/20","3/16/20",108,"SB","bif","G-15C-1000ng","G",15,"1000ng",NA,"19",1000,175,26.2,"highish"
"372","GS","7/2/20","3/16/20",108,"SB","bif","G-15C-1000ng","G",15,"1000ng",NA,"20",1000,142,14.4,"highish"
"373","GS","7/2/20","3/16/20",108,"SB","bif","G-15C-1000ng","G",15,"1000ng",NA,"21",1000,185,30.3,"highish"
"374","GS","7/2/20","3/16/20",108,"SB","bif","G-15C-1000ng","G",15,"1000ng",NA,"22",1000,199,33.8,"highish"
"375","GS","7/2/20","3/16/20",108,"SB","bif","G-15C-1000ng","G",15,"1000ng",NA,"23",1000,227,50.1,"highish"
"376","GS","7/2/20","3/16/20",108,"SB","bif","G-15C-1000ng","G",15,"1000ng",NA,"24",1000,177,25,"highish"
"377","GS","7/2/20","3/16/20",108,"SB","bif","G-15C-1000ng","G",15,"1000ng",NA,"25",1000,234,45.8,"highish"
"378","GS","7/2/20","3/16/20",108,"SB","bif","G-15C-1000ng","G",15,"1000ng",NA,"26",1000,209,41.5,"highish"
"379","GS","7/2/20","3/16/20",108,"SB","bif","G-15C-1000ng","G",15,"1000ng",NA,"27",1000,166,20.1,"highish"
"380","GS","7/2/20","3/16/20",108,"SB","bif","G-15C-1000ng","G",15,"1000ng",NA,"28",1000,237,54.3,"highish"
"381","GS","7/2/20","3/16/20",108,"SB","bif","G-15C-1000ng","G",15,"1000ng",NA,"29",1000,195,31.6,"highish"
"382","GS","7/2/20","3/16/20",108,"SB","bif","G-15C-1000ng","G",15,"1000ng",NA,"30",1000,161,22,"highish"
"383","GS","7/2/20","3/16/20",108,"SB","bif","G-15C-2000ng","G",15,"2000ng",NA,"1",2000,245,58.6,"lethal"
"384","GS","7/2/20","3/16/20",108,"SB","bif","G-15C-2000ng","G",15,"2000ng",NA,"2",2000,224,46,"lethal"
"385","GS","7/2/20","3/16/20",108,"SB","bif","G-15C-2000ng","G",15,"2000ng",NA,"3",2000,220,52.1,"lethal"
"386","GS","7/2/20","3/16/20",108,"SB","bif","G-15C-2000ng","G",15,"2000ng",NA,"4",2000,206,33.7,"lethal"
"387","GS","7/2/20","3/16/20",108,"SB","bif","G-15C-2000ng","G",15,"2000ng",NA,"5",2000,142,18.7,"lethal"
"388","GS","7/2/20","3/16/20",108,"SB","bif","G-15C-2000ng","G",15,"2000ng",NA,"6",2000,226,43.5,"lethal"
"389","GS","7/2/20","3/16/20",108,"SB","bif","G-15C-2000ng","G",15,"2000ng",NA,"7",2000,185,29.2,"lethal"
"390","GS","7/2/20","3/16/20",108,"SB","bif","G-15C-2000ng","G",15,"2000ng",NA,"8",2000,201,41.6,"lethal"
"391","GS","7/2/20","3/16/20",108,"SB","bif","G-15C-2000ng","G",15,"2000ng",NA,"9",2000,233,60,"lethal"
"392","GS","7/2/20","3/16/20",108,"SB","bif","G-15C-2000ng","G",15,"2000ng",NA,"10",2000,186,30.8,"lethal"
"393","GS","7/2/20","3/16/20",108,"SB","bif","G-15C-2000ng","G",15,"2000ng",NA,"11",2000,178,27.3,"lethal"
"394","GS","7/2/20","3/16/20",108,"SB","bif","G-15C-2000ng","G",15,"2000ng",NA,"12",2000,159,19.1,"lethal"
"395","GS","7/2/20","3/16/20",108,"SB","bif","G-15C-2000ng","G",15,"2000ng",NA,"13",2000,204,36.5,"lethal"
"396","GS","7/2/20","3/16/20",108,"SB","bif","G-15C-2000ng","G",15,"2000ng",NA,"14",2000,162,21.6,"lethal"
"397","GS","7/2/20","3/16/20",108,"SB","bif","G-15C-2000ng","G",15,"2000ng",NA,"15",2000,312,108.8,"lethal"
"398","GS","7/2/20","3/16/20",108,"SB","bif","G-15C-2000ng","G",15,"2000ng",NA,"16",2000,235,54.3,"lethal"
"399","GS","7/2/20","3/16/20",108,"SB","bif","G-15C-2000ng","G",15,"2000ng",NA,"17",2000,188,28.1,"lethal"
"400","GS","7/2/20","3/16/20",108,"SB","bif","G-15C-2000ng","G",15,"2000ng",NA,"18",2000,217,44.2,"lethal"
"401","GS","7/2/20","3/16/20",108,"SB","bif","G-15C-2000ng","G",15,"2000ng",NA,"19",2000,170,20.1,"lethal"
"402","GS","7/2/20","3/16/20",108,"SB","bif","G-15C-2000ng","G",15,"2000ng",NA,"20",2000,211,38.8,"lethal"
"403","GS","7/2/20","3/16/20",108,"SB","bif","G-15C-2000ng","G",15,"2000ng",NA,"21",2000,173,23.2,"lethal"
"404","GS","7/2/20","3/16/20",108,"SB","bif","G-15C-2000ng","G",15,"2000ng",NA,"22",2000,202,32.5,"lethal"
"405","GS","7/2/20","3/16/20",108,"SB","bif","G-15C-2000ng","G",15,"2000ng",NA,"23",2000,214,39.7,"lethal"
"406","GS","7/2/20","3/16/20",108,"SB","bif","G-15C-2000ng","G",15,"2000ng",NA,"24",2000,280,96.9,"lethal"
"407","WS","6/6/20","5/28/20",9,"AES, SB","bif","I-15C-0000ng","I",15,"0000ng","expcup","R5",0,19.52,0.0494,""
"408","WS","6/6/20","5/28/20",9,"AES, SB","bif","I-15C-0000ng","I",15,"0000ng","expcup","R6",0,18.26,0.0383,""
"409","WS","6/6/20","5/28/20",9,"AES, SB","bif","I-15C-0000ng","I",15,"0000ng","expcup","R1",0,19.19,0.0446,""
"410","WS","6/6/20","5/28/20",9,"AES, SB","bif","I-15C-0000ng","I",15,"0000ng","expcup","R2",0,17.93,0.0439,""
"411","WS","6/6/20","5/28/20",9,"AES, SB","bif","I-15C-0000ng","I",15,"0000ng","expcup","R7",0,18.96,0.0496,""
"412","WS","6/6/20","5/28/20",9,"AES, SB","bif","I-15C-0000ng","I",15,"0000ng","expcup","R8",0,18.81,0.0435,""
"413","WS","6/6/20","5/28/20",9,"AES, SB","bif","I-15C-0000ng","I",15,"0000ng","expcup","R3",0,20.11,0.0527,""
"414","WS","6/6/20","5/28/20",9,"AES, SB","bif","I-15C-0000ng","I",15,"0000ng","expcup","R4",0,19.38,0.0507,""
"415","WS","6/6/20","5/28/20",9,"AES, SB","bif","I-15C-0005ng","I",15,"0005ng","expcup","R5",5,18.23,0.0416,""
"416","WS","6/6/20","5/28/20",9,"AES, SB","bif","I-15C-0005ng","I",15,"0005ng","expcup","R6",5,18.97,0.0446,""
"417","WS","6/6/20","5/28/20",9,"AES, SB","bif","I-15C-0005ng","I",15,"0005ng","expcup","R1",5,18.98,0.0452,""
"418","WS","6/6/20","5/28/20",9,"AES, SB","bif","I-15C-0005ng","I",15,"0005ng","expcup","R2",5,19.06,0.0457,""
"419","WS","6/6/20","5/28/20",9,"AES, SB","bif","I-15C-0005ng","I",15,"0005ng","expcup","R7",5,18.32,0.0465,""
"420","WS","6/6/20","5/28/20",9,"AES, SB","bif","I-15C-0005ng","I",15,"0005ng","expcup","R8",5,18.62,0.0498,"improper tare"
"421","WS","6/6/20","5/28/20",9,"AES, SB","bif","I-15C-0005ng","I",15,"0005ng","expcup","R3",5,18.33,0.0431,""
"422","WS","6/6/20","5/28/20",9,"AES, SB","bif","I-15C-0005ng","I",15,"0005ng","expcup","R4",5,19.29,0.0475,""
"423","WS","6/6/20","5/28/20",9,"AES, SB","bif","I-15C-0100ng","I",15,"0100ng","expcup","R5",100,18.7,0.0459,""
"424","WS","6/6/20","5/28/20",9,"AES, SB","bif","I-15C-0100ng","I",15,"0100ng","expcup","R6",100,18.92,0.0472,"slight bleeding"
"425","WS","6/6/20","5/28/20",9,"AES, SB","bif","I-15C-0100ng","I",15,"0100ng","expcup","R1",100,18.93,0.0421,""
"426","WS","6/6/20","5/28/20",9,"AES, SB","bif","I-15C-0100ng","I",15,"0100ng","expcup","R2",100,18.64,0.0441,""
"427","WS","6/6/20","5/28/20",9,"AES, SB","bif","I-15C-0100ng","I",15,"0100ng","expcup","R7",100,18.35,0.0432,""
"428","WS","6/6/20","5/28/20",9,"AES, SB","bif","I-15C-0100ng","I",15,"0100ng","expcup","R8",100,NA,0.0477,"bent notocord"
"429","WS","6/6/20","5/28/20",9,"AES, SB","bif","I-15C-0100ng","I",15,"0100ng","expcup","R3",100,20.05,0.0508,""
"430","WS","6/6/20","5/28/20",9,"AES, SB","bif","I-15C-0100ng","I",15,"0100ng","expcup","R4",100,19.17,0.0441,""
"431","WS","6/6/20","5/28/20",9,"AES, SB","bif","I-15C-0500ng","I",15,"0500ng","expcup","R5",500,16.67,0.0368,"tail cut"
"432","WS","6/6/20","5/28/20",9,"AES, SB","bif","I-15C-0500ng","I",15,"0500ng","expcup","R6",500,18.9,0.0455,""
"433","WS","6/6/20","5/28/20",9,"AES, SB","bif","I-15C-0500ng","I",15,"0500ng","expcup","R1",500,20.02,0.0477,""
"434","WS","6/6/20","5/28/20",9,"AES, SB","bif","I-15C-0500ng","I",15,"0500ng","expcup","R2",500,18.03,0.0428,""
"435","WS","6/6/20","5/28/20",9,"AES, SB","bif","I-15C-0500ng","I",15,"0500ng","expcup","R7",500,18.53,0.047,""
"436","WS","6/6/20","5/28/20",9,"AES, SB","bif","I-15C-0500ng","I",15,"0500ng","expcup","R8",500,18.69,0.0476,""
"437","WS","6/6/20","5/28/20",9,"AES, SB","bif","I-15C-0500ng","I",15,"0500ng","expcup","R3",500,18.54,0.0464,""
"438","WS","6/6/20","5/28/20",9,"AES, SB","bif","I-15C-0500ng","I",15,"0500ng","expcup","R4",500,18.88,0.0491,"reweighed w new tare and dry"
"439","WS","6/6/20","5/28/20",9,"AES, SB","bif","I-15C-1000ng","I",15,"1000ng","expcup","R5",1000,19.31,0.0436,""
"440","WS","6/6/20","5/28/20",9,"AES, SB","bif","I-15C-1000ng","I",15,"1000ng","expcup","R6",1000,18.04,0.0424,""
"441","WS","6/6/20","5/28/20",9,"AES, SB","bif","I-15C-1000ng","I",15,"1000ng","expcup","R1",1000,16.59,0.0357,"curved ""s"" notocord, pre or post mort?"
"442","WS","6/6/20","5/28/20",9,"AES, SB","bif","I-15C-1000ng","I",15,"1000ng","expcup","R2",1000,18.96,0.0432,""
"443","WS","6/6/20","5/28/20",9,"AES, SB","bif","I-15C-1000ng","I",15,"1000ng","expcup","R7",1000,18.55,0.0425,""
"444","WS","6/6/20","5/28/20",9,"AES, SB","bif","I-15C-1000ng","I",15,"1000ng","expcup","R8",1000,18.25,0.0407,""
"445","WS","6/6/20","5/28/20",9,"AES, SB","bif","I-15C-1000ng","I",15,"1000ng","expcup","R3",1000,17.45,0.0375,""
"446","WS","6/6/20","5/28/20",9,"AES, SB","bif","I-15C-1000ng","I",15,"1000ng","expcup","R4",1000,17.2,0.0408,"slight kink"
"447","WS","6/6/20","5/28/20",9,"AES, SB","bif","I-15C-2000ng","I",15,"2000ng","expcup","R6",2000,17.89,0.0369,""
"448","WS","6/6/20","5/28/20",9,"AES, SB","bif","I-15C-2000ng","I",15,"2000ng","expcup","R5",2000,19.14,0.043,""
"449","WS","6/6/20","5/28/20",9,"AES, SB","bif","I-15C-2000ng","I",15,"2000ng","expcup","R1",2000,NA,0.0408,"very curved notocord; unable to straighten; no TL"
"450","WS","6/6/20","5/28/20",9,"AES, SB","bif","I-15C-2000ng","I",15,"2000ng","expcup","R2",2000,18.7,0.041,"slight hump in notocord"
"451","WS","6/6/20","5/28/20",9,"AES, SB","bif","I-15C-2000ng","I",15,"2000ng","expcup","R7",2000,NA,0.0392,"bent notocord"
"452","WS","6/6/20","5/28/20",9,"AES, SB","bif","I-15C-2000ng","I",15,"2000ng","expcup","R8",2000,NA,0.0433,"bent notocord"
"453","WS","6/6/20","5/28/20",9,"AES, SB","bif","I-15C-2000ng","I",15,"2000ng","expcup","R3",2000,18.73,0.0471,""
"454","WS","6/6/20","5/28/20",9,"AES, SB","bif","I-15C-2000ng","I",15,"2000ng","expcup","R4",2000,18.75,0.0452,"slightly kinked notocord"
"455","WS","6/15/20","5/28/20",18,"SB","bif","G-15C-0000ng","G",15,"0000ng","NF_3","1",0,21.14,0.0552,""
"456","WS","6/15/20","5/28/20",18,"SB","bif","G-15C-0000ng","G",15,"0000ng","NF_3","2",0,20.6,0.0451,""
"457","WS","6/15/20","5/28/20",18,"SB","bif","G-15C-0000ng","G",15,"0000ng","NF_3","3",0,21.1,0.0601,""
"458","WS","6/15/20","5/28/20",18,"SB","bif","G-15C-0000ng","G",15,"0000ng","NF_3","4",0,21.69,0.0657,""
"459","WS","6/15/20","5/28/20",18,"SB","bif","G-15C-0000ng","G",15,"0000ng","NF_3","5",0,22.04,0.0665,""
"460","WS","6/15/20","5/28/20",18,"SB","bif","G-15C-0000ng","G",15,"0000ng","NF_3","6",0,22.46,0.0714,""
"461","WS","6/15/20","5/28/20",18,"SB","bif","G-15C-0000ng","G",15,"0000ng","NF_3","7",0,21.64,0.0669,""
"462","WS","6/15/20","5/28/20",18,"SB","bif","G-15C-0000ng","G",15,"0000ng","NF_3","8",0,20.92,0.0566,""
"463","WS","6/15/20","5/28/20",18,"SB","bif","G-15C-0000ng","G",15,"0000ng","NF_3","9",0,20.45,0.0597,""
"464","WS","6/15/20","5/28/20",18,"SB","bif","G-15C-0000ng","G",15,"0000ng","NF_3","10",0,20.66,0.0522,""
"465","WS","6/15/20","5/28/20",18,"SB","bif","G-15C-0005ng","G",15,"0005ng","NF_2","1",5,21.38,0.0612,""
"466","WS","6/15/20","5/28/20",18,"SB","bif","G-15C-0005ng","G",15,"0005ng","NF_2","2",5,22.3,0.0571,""
"467","WS","6/15/20","5/28/20",18,"SB","bif","G-15C-0005ng","G",15,"0005ng","NF_2","3",5,22.37,0.0561,""
"468","WS","6/15/20","5/28/20",18,"SB","bif","G-15C-0005ng","G",15,"0005ng","NF_2","4",5,23.31,0.0787,""
"469","WS","6/15/20","5/28/20",18,"SB","bif","G-15C-0005ng","G",15,"0005ng","NF_2","5",5,20.78,0.056,""
"470","WS","6/15/20","5/28/20",18,"SB","bif","G-15C-0005ng","G",15,"0005ng","NF_2","6",5,22.01,0.0581,""
"471","WS","6/15/20","5/28/20",18,"SB","bif","G-15C-0005ng","G",15,"0005ng","NF_2","7",5,21.52,0.0571,""
"472","WS","6/15/20","5/28/20",18,"SB","bif","G-15C-0005ng","G",15,"0005ng","NF_2","8",5,21.27,0.0555,""
"473","WS","6/15/20","5/28/20",18,"SB","bif","G-15C-0005ng","G",15,"0005ng","NF_2","9",5,21.83,0.0471,""
"474","WS","6/15/20","5/28/20",18,"SB","bif","G-15C-0005ng","G",15,"0005ng","NF_2","10",5,22.59,0.0646,""
"475","WS","6/15/20","5/28/20",18,"SB","bif","G-15C-0100ng","G",15,"0100ng","DC_05","1",100,21.24,0.0551,""
"476","WS","6/15/20","5/28/20",18,"SB","bif","G-15C-0100ng","G",15,"0100ng","DC_05","2",100,20.01,0.0515,""
"477","WS","6/15/20","5/28/20",18,"SB","bif","G-15C-0100ng","G",15,"0100ng","DC_05","3",100,23.55,0.0804,""
"478","WS","6/15/20","5/28/20",18,"SB","bif","G-15C-0100ng","G",15,"0100ng","DC_05","4",100,21.37,0.0504,""
"479","WS","6/15/20","5/28/20",18,"SB","bif","G-15C-0100ng","G",15,"0100ng","DC_05","5",100,20.64,0.0481,""
"480","WS","6/15/20","5/28/20",18,"SB","bif","G-15C-0100ng","G",15,"0100ng","DC_05","6",100,20.62,0.0498,""
"481","WS","6/15/20","5/28/20",18,"SB","bif","G-15C-0100ng","G",15,"0100ng","DC_05","7",100,20.98,0.054,""
"482","WS","6/15/20","5/28/20",18,"SB","bif","G-15C-0100ng","G",15,"0100ng","DC_05","8",100,22.68,0.0643,""
"483","WS","6/15/20","5/28/20",18,"SB","bif","G-15C-0100ng","G",15,"0100ng","DC_05","9",100,21.69,0.0638,""
"484","WS","6/15/20","5/28/20",18,"SB","bif","G-15C-0100ng","G",15,"0100ng","DC_05","10",100,21.67,0.0586,""
"485","WS","6/15/20","5/28/20",18,"SB","bif","G-15C-0500ng","G",15,"0500ng","DC_04","1",500,20.7,0.0501,""
"486","WS","6/15/20","5/28/20",18,"SB","bif","G-15C-0500ng","G",15,"0500ng","DC_04","2",500,21.22,0.0468,""
"487","WS","6/15/20","5/28/20",18,"SB","bif","G-15C-0500ng","G",15,"0500ng","DC_04","3",500,20.3,0.0399,""
"488","WS","6/15/20","5/28/20",18,"SB","bif","G-15C-0500ng","G",15,"0500ng","DC_04","4",500,23.73,0.083,""
"489","WS","6/15/20","5/28/20",18,"SB","bif","G-15C-0500ng","G",15,"0500ng","DC_04","5",500,20.95,0.0496,""
"490","WS","6/15/20","5/28/20",18,"SB","bif","G-15C-0500ng","G",15,"0500ng","DC_04","6",500,21.63,0.0604,""
"491","WS","6/15/20","5/28/20",18,"SB","bif","G-15C-0500ng","G",15,"0500ng","DC_04","7",500,24.05,0.0691,""
"492","WS","6/15/20","5/28/20",18,"SB","bif","G-15C-0500ng","G",15,"0500ng","DC_04","8",500,21.51,0.0557,""
"493","WS","6/15/20","5/28/20",18,"SB","bif","G-15C-0500ng","G",15,"0500ng","DC_04","9",500,21.5,0.0544,""
"494","WS","6/15/20","5/28/20",18,"SB","bif","G-15C-0500ng","G",15,"0500ng","DC_04","10",500,21.36,0.0451,""
"495","WS","6/15/20","5/28/20",18,"SB","bif","G-15C-1000ng","G",15,"1000ng","DC_03","1",1000,21.1,0.0396,""
"496","WS","6/15/20","5/28/20",18,"SB","bif","G-15C-1000ng","G",15,"1000ng","DC_03","2",1000,19.48,0.0348,""
"497","WS","6/15/20","5/28/20",18,"SB","bif","G-15C-1000ng","G",15,"1000ng","DC_03","3",1000,19.8,0.0325,""
"498","WS","6/15/20","5/28/20",18,"SB","bif","G-15C-1000ng","G",15,"1000ng","DC_03","4",1000,21.48,0.0417,""
"499","WS","6/15/20","5/28/20",18,"SB","bif","G-15C-1000ng","G",15,"1000ng","DC_03","5",1000,19.28,0.0367,""
"500","WS","6/15/20","5/28/20",18,"SB","bif","G-15C-1000ng","G",15,"1000ng","DC_03","6",1000,21.35,0.048,""
"501","WS","6/15/20","5/28/20",18,"SB","bif","G-15C-1000ng","G",15,"1000ng","DC_03","7",1000,19.27,0.031,""
"502","WS","6/15/20","5/28/20",18,"SB","bif","G-15C-1000ng","G",15,"1000ng","DC_03","8",1000,18.43,0.0274,""
"503","WS","6/15/20","5/28/20",18,"SB","bif","G-15C-1000ng","G",15,"1000ng","DC_03","9",1000,19.28,0.0343,""
"504","WS","6/15/20","5/28/20",18,"SB","bif","G-15C-1000ng","G",15,"1000ng","DC_03","10",1000,18.62,0.0297,""
"505","WS","6/15/20","5/28/20",18,"SB","bif","G-15C-2000ng","G",15,"2000ng","DC_02","1",2000,20.64,0.0402,""
"506","WS","6/15/20","5/28/20",18,"SB","bif","G-15C-2000ng","G",15,"2000ng","DC_02","2",2000,20.91,0.0417,""
"507","WS","6/15/20","5/28/20",18,"SB","bif","G-15C-2000ng","G",15,"2000ng","DC_02","3",2000,17.67,0.0303,""
"508","WS","6/15/20","5/28/20",18,"SB","bif","G-15C-2000ng","G",15,"2000ng","DC_02","4",2000,16.45,0.0304,""
"509","WS","6/15/20","5/28/20",18,"SB","bif","G-15C-2000ng","G",15,"2000ng","DC_02","5",2000,19.28,0.0382,""
"510","WS","6/15/20","5/28/20",18,"SB","bif","G-15C-2000ng","G",15,"2000ng","DC_02","6",2000,18.4,0.0374,""
"511","WS","6/15/20","5/28/20",18,"SB","bif","G-15C-2000ng","G",15,"2000ng","DC_02","7",2000,18.59,0.0361,""
"512","WS","6/15/20","5/28/20",18,"SB","bif","G-15C-2000ng","G",15,"2000ng","DC_02","8",2000,19.74,0.0373,""
"513","WS","6/15/20","5/28/20",18,"SB","bif","G-15C-2000ng","G",15,"2000ng","DC_02","9",2000,18.56,0.0382,""
"514","WS","6/15/20","5/28/20",18,"SB","bif","G-15C-2000ng","G",15,"2000ng","DC_02","10",2000,19.08,0.0322,""
"515","WS","6/10/20","5/28/20",13,"SB","bif","G-15C-0000ng","G",15,"0000ng","NF_3","1",0,NA,NA,"escaped during CTM recovery"
"516","WS","6/10/20","5/28/20",13,"SB","bif","G-15C-0000ng","G",15,"0000ng","NF_3","2",0,NA,NA,"escaped during CTM recovery"
"517","WS","6/10/20","5/28/20",13,"SB","bif","G-15C-0000ng","G",15,"0000ng","NF_3","3",0,20.31,0.0504,""
"518","WS","6/10/20","5/28/20",13,"SB","bif","G-15C-0000ng","G",15,"0000ng","NF_3","4",0,NA,NA,"escaped during CTM recovery"
"519","WS","6/12/20","5/28/20",15,"SB","bif","G-15C-0000ng","G",15,"0000ng","NF_3","5",0,20.79,0.0409,""
"520","WS","6/12/20","5/28/20",15,"SB","bif","G-15C-0000ng","G",15,"0000ng","NF_3","6",0,NA,NA,"no notes but suspect escaped recovery"
"521","WS","6/12/20","5/28/20",15,"SB","bif","G-15C-0000ng","G",15,"0000ng","NF_3","7",0,21.2,0.0413,""
"522","WS","6/12/20","5/28/20",15,"SB","bif","G-15C-0000ng","G",15,"0000ng","NF_3","8",0,20.02,0.0391,""
"523","WS","6/11/20","5/28/20",14,"SB","bif","G-15C-0005ng","G",15,"0005ng","NF_2","1",5,18.29,0.0418,""
"524","WS","6/11/20","5/28/20",14,"SB","bif","G-15C-0005ng","G",15,"0005ng","NF_2","2",5,19.02,0.0427,""
"525","WS","6/11/20","5/28/20",14,"SB","bif","G-15C-0005ng","G",15,"0005ng","NF_2","3",5,19.37,0.0382,""
"526","WS","6/11/20","5/28/20",14,"SB","bif","G-15C-0005ng","G",15,"0005ng","NF_2","4",5,18.92,0.0461,""
"527","WS","6/12/20","5/28/20",15,"SB","bif","G-15C-0005ng","G",15,"0005ng","NF_2","5",5,21.03,0.0519,""
"528","WS","6/12/20","5/28/20",15,"SB","bif","G-15C-0005ng","G",15,"0005ng","NF_2","6",5,20.97,0.0392,""
"529","WS","6/12/20","5/28/20",15,"SB","bif","G-15C-0005ng","G",15,"0005ng","NF_2","7",5,20.15,0.0468,""
"530","WS","6/12/20","5/28/20",15,"SB","bif","G-15C-0005ng","G",15,"0005ng","NF_2","8",5,19.85,0.041,""
"531","WS","6/11/20","5/28/20",14,"SB","bif","G-15C-0100ng","G",15,"0100ng","DC_05","1",100,18.08,0.0492,""
"532","WS","6/11/20","5/28/20",14,"SB","bif","G-15C-0100ng","G",15,"0100ng","DC_05","2",100,19.09,0.0466,""
"533","WS","6/11/20","5/28/20",14,"SB","bif","G-15C-0100ng","G",15,"0100ng","DC_05","3",100,18.82,0.0363,""
"534","WS","6/11/20","5/28/20",14,"SB","bif","G-15C-0100ng","G",15,"0100ng","DC_05","4",100,18.89,0.0425,""
"535","WS","6/12/20","5/28/20",15,"SB","bif","G-15C-0100ng","G",15,"0100ng","DC_05","5",100,20.13,0.042,""
"536","WS","6/12/20","5/28/20",15,"SB","bif","G-15C-0100ng","G",15,"0100ng","DC_05","6",100,20.4,0.0437,""
"537","WS","6/12/20","5/28/20",15,"SB","bif","G-15C-0100ng","G",15,"0100ng","DC_05","7",100,20.67,0.0521,""
"538","WS","6/12/20","5/28/20",15,"SB","bif","G-15C-0100ng","G",15,"0100ng","DC_05","8",100,21.7,0.065,""
"539","WS","6/10/20","5/28/20",13,"SB","bif","G-15C-0500ng","G",15,"0500ng","DC_04","1",500,19.75,0.0392,"visibly affected by bif"
"540","WS","6/10/20","5/28/20",13,"SB","bif","G-15C-0500ng","G",15,"0500ng","DC_04","2",500,19.97,0.0444,"visibly ""ok"""
"541","WS","6/10/20","5/28/20",13,"SB","bif","G-15C-0500ng","G",15,"0500ng","DC_04","3",500,20.73,0.0461,"visibly affected by bif"
"542","WS","6/10/20","5/28/20",13,"SB","bif","G-15C-0500ng","G",15,"0500ng","DC_04","4",500,20.85,0.0404,"visibly ""ok"""
"543","WS","6/12/20","5/28/20",15,"SB","bif","G-15C-0500ng","G",15,"0500ng","DC_04","5",500,20.11,0.0376,""
"544","WS","6/12/20","5/28/20",15,"SB","bif","G-15C-0500ng","G",15,"0500ng","DC_04","6",500,NA,NA,"no notes but suspect escaped recovery"
"545","WS","6/12/20","5/28/20",15,"SB","bif","G-15C-0500ng","G",15,"0500ng","DC_04","7",500,20.48,0.0385,""
"546","WS","6/12/20","5/28/20",15,"SB","bif","G-15C-0500ng","G",15,"0500ng","DC_04","8",500,19.37,0.039,""
"547","WS","6/11/20","5/28/20",14,"SB","bif","G-15C-1000ng","G",15,"1000ng","DC_03","1",1000,21.55,0.0423,"died in recovery"
"548","WS","6/11/20","5/28/20",14,"SB","bif","G-15C-1000ng","G",15,"1000ng","DC_03","2",1000,20.05,0.0422,""
"549","WS","6/11/20","5/28/20",14,"SB","bif","G-15C-1000ng","G",15,"1000ng","DC_03","3",1000,21.05,0.0475,""
"550","WS","6/11/20","5/28/20",14,"SB","bif","G-15C-1000ng","G",15,"1000ng","DC_03","4",1000,20.93,0.0403,""
"551","WS","6/12/20","5/28/20",15,"SB","bif","G-15C-1000ng","G",15,"1000ng","DC_03","5",1000,21.93,0.0465,""
"552","WS","6/12/20","5/28/20",15,"SB","bif","G-15C-1000ng","G",15,"1000ng","DC_03","6",1000,NA,NA,"no notes but suspect escaped recovery"
"553","WS","6/12/20","5/28/20",15,"SB","bif","G-15C-1000ng","G",15,"1000ng","DC_03","7",1000,20.43,0.0445,""
"554","WS","6/12/20","5/28/20",15,"SB","bif","G-15C-1000ng","G",15,"1000ng","DC_03","8",1000,19.45,0.0365,""
"555","WS","6/10/20","5/28/20",13,"SB","bif","G-15C-2000ng","G",15,"2000ng","DC_02","1",2000,17.66,0.0391,""
"556","WS","6/10/20","5/28/20",13,"SB","bif","G-15C-2000ng","G",15,"2000ng","DC_02","2",2000,16.65,0.0297,""
"557","WS","6/10/20","5/28/20",13,"SB","bif","G-15C-2000ng","G",15,"2000ng","DC_02","3",2000,18.28,0.0382,""
"558","WS","6/10/20","5/28/20",13,"SB","bif","G-15C-2000ng","G",15,"2000ng","DC_02","4",2000,19.36,0.0389,""
"559","WS","6/11/20","5/28/20",14,"SB","bif","G-15C-2000ng","G",15,"2000ng","DC_02","5",2000,20.62,0.04,""
"560","WS","6/11/20","5/28/20",14,"SB","bif","G-15C-2000ng","G",15,"2000ng","DC_02","6",2000,19.65,0.378,""
"561","WS","6/11/20","5/28/20",14,"SB","bif","G-15C-2000ng","G",15,"2000ng","DC_02","7",2000,20.63,0.043,""
"562","WS","6/11/20","5/28/20",14,"SB","bif","G-15C-2000ng","G",15,"2000ng","DC_02","8",2000,19.62,0.04,""
"563","WS","7/9/20","5/28/20",42,"SB","bif","G-15C-0000ng","G",15,"0000ng","","1",0,50.16,0.4962,"moved to outdoor tanks"
"564","WS","7/9/20","5/28/20",42,"SB","bif","G-15C-0000ng","G",15,"0000ng","","2",0,40.38,0.3341,""
"565","WS","7/9/20","5/28/20",42,"SB","bif","G-15C-0000ng","G",15,"0000ng","","3",0,50.82,0.5514,""
"566","WS","7/9/20","5/28/20",42,"SB","bif","G-15C-0000ng","G",15,"0000ng","","4",0,51.24,0.5078,""
"567","WS","7/10/20","5/28/20",43,"SB","bif","G-15C-0000ng","G",15,"0000ng","","5",0,46.67,0.4109,""
"568","WS","7/10/20","5/28/20",43,"SB","bif","G-15C-0000ng","G",15,"0000ng","","6",0,50.08,0.5235,""
"569","WS","7/10/20","5/28/20",43,"SB","bif","G-15C-0000ng","G",15,"0000ng","","7",0,52.58,0.6378,""
"570","WS","7/10/20","5/28/20",43,"SB","bif","G-15C-0000ng","G",15,"0000ng","","8",0,55,0.724,""
"571","WS","7/10/20","5/28/20",43,"SB","bif","G-15C-0000ng","G",15,"0000ng","","9",0,42.41,0.3175,""
"572","WS","7/10/20","5/28/20",43,"SB","bif","G-15C-0000ng","G",15,"0000ng","","10",0,46.89,0.4049,""
"573","WS","7/10/20","5/28/20",43,"SB","bif","G-15C-0000ng","G",15,"0000ng","","11",0,51.55,0.592,""
"574","WS","7/10/20","5/28/20",43,"SB","bif","G-15C-0000ng","G",15,"0000ng","","12",0,51.08,0.5041,""
"575","WS","7/9/20","5/28/20",42,"SB","bif","G-15C-0005ng","G",15,"0005ng","","1",5,45.76,0.398,""
"576","WS","7/9/20","5/28/20",42,"SB","bif","G-15C-0005ng","G",15,"0005ng","","2",5,44.88,0.3901,""
"577","WS","7/9/20","5/28/20",42,"SB","bif","G-15C-0005ng","G",15,"0005ng","","3",5,47.18,0.4071,""
"578","WS","7/9/20","5/28/20",42,"SB","bif","G-15C-0005ng","G",15,"0005ng","","4",5,45.9,0.3958,""
"579","WS","7/9/20","5/28/20",42,"SB","bif","G-15C-0005ng","G",15,"0005ng","","5",5,54.24,0.6509,""
"580","WS","7/9/20","5/28/20",42,"SB","bif","G-15C-0005ng","G",15,"0005ng","","6",5,53.03,0.6675,""
"581","WS","7/10/20","5/28/20",43,"SB","bif","G-15C-0005ng","G",15,"0005ng","","7",5,54.02,0.6361,""
"582","WS","7/10/20","5/28/20",43,"SB","bif","G-15C-0005ng","G",15,"0005ng","","8",5,54.41,0.5539,""
"583","WS","7/10/20","5/28/20",43,"SB","bif","G-15C-0005ng","G",15,"0005ng","","9",5,43.46,0.4636,""
"584","WS","7/10/20","5/28/20",43,"SB","bif","G-15C-0005ng","G",15,"0005ng","","10",5,59.78,0.7971,""
"585","WS","7/10/20","5/28/20",43,"SB","bif","G-15C-0005ng","G",15,"0005ng","","11",5,41.48,0.2496,""
"586","WS","7/10/20","5/28/20",43,"SB","bif","G-15C-0005ng","G",15,"0005ng","","12",5,45.57,0.3432,""
"587","WS","7/10/20","5/28/20",43,"SB","bif","G-15C-0100ng","G",15,"0100ng","","1",100,52.51,0.5111,""
"588","WS","7/10/20","5/28/20",43,"SB","bif","G-15C-0100ng","G",15,"0100ng","","2",100,53.85,0.5947,""
"589","WS","7/10/20","5/28/20",43,"SB","bif","G-15C-0100ng","G",15,"0100ng","","3",100,47.17,0.3912,""
"590","WS","7/10/20","5/28/20",43,"SB","bif","G-15C-0100ng","G",15,"0100ng","","4",100,37.22,0.2205,""
"591","WS","7/10/20","5/28/20",43,"SB","bif","G-15C-0100ng","G",15,"0100ng","","5",100,48.19,0.4619,""
"592","WS","7/10/20","5/28/20",43,"SB","bif","G-15C-0100ng","G",15,"0100ng","","6",100,43.85,0.4056,""
"593","WS","7/10/20","5/28/20",43,"SB","bif","G-15C-0100ng","G",15,"0100ng","","7",100,50.01,0.5506,""
"594","WS","7/10/20","5/28/20",43,"SB","bif","G-15C-0100ng","G",15,"0100ng","","8",100,48.97,0.5121,""
"595","WS","7/10/20","5/28/20",43,"SB","bif","G-15C-0100ng","G",15,"0100ng","","9",100,48.16,0.5248,""
"596","WS","7/10/20","5/28/20",43,"SB","bif","G-15C-0100ng","G",15,"0100ng","","10",100,47.05,0.452,""
"597","WS","7/10/20","5/28/20",43,"SB","bif","G-15C-0100ng","G",15,"0100ng","","11",100,37.06,0.1952,""
"598","WS","7/10/20","5/28/20",43,"SB","bif","G-15C-0100ng","G",15,"0100ng","","12",100,47.47,0.4425,""
"599","WS","7/9/20","5/28/20",42,"SB","bif","G-15C-0500ng","G",15,"0500ng","","1",500,43.77,0.3464,""
"600","WS","7/9/20","5/28/20",42,"SB","bif","G-15C-0500ng","G",15,"0500ng","","2",500,35.65,0.2162,""
"601","WS","7/9/20","5/28/20",42,"SB","bif","G-15C-0500ng","G",15,"0500ng","","3",500,50.33,0.5841,""
"602","WS","7/9/20","5/28/20",42,"SB","bif","G-15C-0500ng","G",15,"0500ng","","4",500,52.74,0.6716,""
"603","WS","7/9/20","5/28/20",42,"SB","bif","G-15C-0500ng","G",15,"0500ng","","5",500,48.31,0.4786,""
"604","WS","7/9/20","5/28/20",42,"SB","bif","G-15C-0500ng","G",15,"0500ng","","6",500,54.27,0.6118,""
"605","WS","7/9/20","5/28/20",42,"SB","bif","G-15C-0500ng","G",15,"0500ng","","7",500,42.14,0.3373,""
"606","WS","7/9/20","5/28/20",42,"SB","bif","G-15C-0500ng","G",15,"0500ng","","8",500,37.78,0.2631,""
"607","WS","7/10/20","5/28/20",43,"SB","bif","G-15C-0500ng","G",15,"0500ng","","9",500,52.93,0.6765,""
"608","WS","7/10/20","5/28/20",43,"SB","bif","G-15C-0500ng","G",15,"0500ng","","10",500,54.5,0.5931,""
"609","WS","7/10/20","5/28/20",43,"SB","bif","G-15C-0500ng","G",15,"0500ng","","11",500,53.21,0.5654,""
"610","WS","7/10/20","5/28/20",43,"SB","bif","G-15C-0500ng","G",15,"0500ng","","12",500,45.05,0.3246,""
"611","WS","7/27/20","5/28/20",60,"SB, aJS","bif","G-15C-0000ng","G",15,"0000ng","","1",0,81.77,2.3347,""
"612","WS","7/27/20","5/28/20",60,"SB, aJS","bif","G-15C-0000ng","G",15,"0000ng","","2",0,81.56,2.0285,""
"613","WS","7/27/20","5/28/20",60,"SB, aJS","bif","G-15C-0000ng","G",15,"0000ng","","3",0,79.96,1.996,""
"614","WS","7/27/20","5/28/20",60,"SB, aJS","bif","G-15C-0000ng","G",15,"0000ng","","4",0,66.52,1.2666,""
"615","WS","7/27/20","5/28/20",60,"SB, aJS","bif","G-15C-0000ng","G",15,"0000ng","","5",0,79.62,2.0415,""
"616","WS","7/27/20","5/28/20",60,"SB, aJS","bif","G-15C-0000ng","G",15,"0000ng","","6",0,71.95,1.3033,""
"617","WS","7/27/20","5/28/20",60,"SB, aJS","bif","G-15C-0000ng","G",15,"0000ng","","7",0,85.78,2.7042,""
"618","WS","7/27/20","5/28/20",60,"SB, aJS","bif","G-15C-0000ng","G",15,"0000ng","","8",0,91.29,3.174,""
"619","WS","7/27/20","5/28/20",60,"SB, aJS","bif","G-15C-0000ng","G",15,"0000ng","","9",0,79.76,1.9953,""
"620","WS","7/27/20","5/28/20",60,"SB, aJS","bif","G-15C-0000ng","G",15,"0000ng","","10",0,80.75,2.2209,""
"621","WS","7/27/20","5/28/20",60,"SB, aJS","bif","G-15C-0000ng","G",15,"0000ng","","11",0,69.97,1.3672,""
"622","WS","7/27/20","5/28/20",60,"SB, aJS","bif","G-15C-0000ng","G",15,"0000ng","","12",0,80.77,2.2508,""
"623","WS","7/27/20","5/28/20",60,"SB, aJS","bif","G-15C-0000ng","G",15,"0000ng","","13",0,67.32,1.4007,""
"624","WS","7/27/20","5/28/20",60,"SB, aJS","bif","G-15C-0000ng","G",15,"0000ng","","14",0,81.78,2.1784,""
"625","WS","7/27/20","5/28/20",60,"SB, aJS","bif","G-15C-0000ng","G",15,"0000ng","","15",0,81.09,2.1721,""
"626","WS","7/27/20","5/28/20",60,"SB, aJS","bif","G-15C-0000ng","G",15,"0000ng","","16",0,82.36,2.5755,""
"627","WS","7/27/20","5/28/20",60,"SB, aJS","bif","G-15C-0000ng","G",15,"0000ng","","17",0,98.39,3.5929,""
"628","WS","7/27/20","5/28/20",60,"SB, aJS","bif","G-15C-0000ng","G",15,"0000ng","","18",0,86.34,2.5945,""
"629","WS","7/27/20","5/28/20",60,"SB, aJS","bif","G-15C-0000ng","G",15,"0000ng","","19",0,79.66,2.0444,""
"630","WS","7/27/20","5/28/20",60,"SB, aJS","bif","G-15C-0000ng","G",15,"0000ng","","20",0,82.55,2.5357,""
"631","WS","7/27/20","5/28/20",60,"SB, aJS","bif","G-15C-0000ng","G",15,"0000ng","","21",0,80.59,2.1919,""
"632","WS","7/27/20","5/28/20",60,"SB, aJS","bif","G-15C-0000ng","G",15,"0000ng","","22",0,78.34,2.014,""
"633","WS","7/27/20","5/28/20",60,"SB, aJS","bif","G-15C-0000ng","G",15,"0000ng","","23",0,80.85,1.9395,""
"634","WS","7/27/20","5/28/20",60,"SB, aJS","bif","G-15C-0000ng","G",15,"0000ng","","24",0,68.85,1.1501,""
"635","WS","7/27/20","5/28/20",60,"SB, aJS","bif","G-15C-0000ng","G",15,"0000ng","","25",0,73.9,1.6167,""
"636","WS","7/27/20","5/28/20",60,"SB, aJS","bif","G-15C-0000ng","G",15,"0000ng","","26",0,83.01,2.1012,""
"637","WS","7/27/20","5/28/20",60,"SB, aJS","bif","G-15C-0000ng","G",15,"0000ng","","27",0,77.09,2.019,""
"638","WS","7/27/20","5/28/20",60,"SB, aJS","bif","G-15C-0000ng","G",15,"0000ng","","28",0,66.53,1.2489,""
"639","WS","7/27/20","5/28/20",60,"SB, aJS","bif","G-15C-0000ng","G",15,"0000ng","","29",0,66.13,1.0897,""
"640","WS","7/27/20","5/28/20",60,"SB, aJS","bif","G-15C-0000ng","G",15,"0000ng","","30",0,61.26,0.9724,""
"641","WS","7/27/20","5/28/20",60,"SB, aJS","bif","G-15C-0005ng","G",15,"0005ng","","1",5,74.74,1.7569,""
"642","WS","7/27/20","5/28/20",60,"SB, aJS","bif","G-15C-0005ng","G",15,"0005ng","","2",5,69.56,1.3355,""
"643","WS","7/27/20","5/28/20",60,"SB, aJS","bif","G-15C-0005ng","G",15,"0005ng","","3",5,75.25,1.6166,""
"644","WS","7/27/20","5/28/20",60,"SB, aJS","bif","G-15C-0005ng","G",15,"0005ng","","4",5,88.75,2.8693,""
"645","WS","7/27/20","5/28/20",60,"SB, aJS","bif","G-15C-0005ng","G",15,"0005ng","","5",5,97.3,3.3325,""
"646","WS","7/27/20","5/28/20",60,"SB, aJS","bif","G-15C-0005ng","G",15,"0005ng","","6",5,91.01,3.2628,""
"647","WS","7/27/20","5/28/20",60,"SB, aJS","bif","G-15C-0005ng","G",15,"0005ng","","7",5,68.18,1.2106,""
"648","WS","7/27/20","5/28/20",60,"SB, aJS","bif","G-15C-0005ng","G",15,"0005ng","","8",5,81.61,2.2526,""
"649","WS","7/27/20","5/28/20",60,"SB, aJS","bif","G-15C-0005ng","G",15,"0005ng","","9",5,79.44,2.1289,""
"650","WS","7/27/20","5/28/20",60,"SB, aJS","bif","G-15C-0005ng","G",15,"0005ng","","10",5,73.51,1.5248,""
"651","WS","7/27/20","5/28/20",60,"SB, aJS","bif","G-15C-0005ng","G",15,"0005ng","","11",5,64.21,0.9581,""
"652","WS","7/27/20","5/28/20",60,"SB, aJS","bif","G-15C-0005ng","G",15,"0005ng","","12",5,94.29,3.2136,""
"653","WS","7/27/20","5/28/20",60,"SB, aJS","bif","G-15C-0005ng","G",15,"0005ng","","13",5,65.56,1.0682,""
"654","WS","7/27/20","5/28/20",60,"SB, aJS","bif","G-15C-0005ng","G",15,"0005ng","","14",5,67.07,1.3456,""
"655","WS","7/27/20","5/28/20",60,"SB, aJS","bif","G-15C-0005ng","G",15,"0005ng","","15",5,80.31,2.0587,""
"656","WS","7/27/20","5/28/20",60,"SB, aJS","bif","G-15C-0005ng","G",15,"0005ng","","16",5,82.78,2.264,""
"657","WS","7/27/20","5/28/20",60,"SB, aJS","bif","G-15C-0005ng","G",15,"0005ng","","17",5,86.31,2.8188,""
"658","WS","7/27/20","5/28/20",60,"SB, aJS","bif","G-15C-0005ng","G",15,"0005ng","","18",5,72.76,1.569,""
"659","WS","7/27/20","5/28/20",60,"SB, aJS","bif","G-15C-0005ng","G",15,"0005ng","","19",5,67.6,1.2354,""
"660","WS","7/27/20","5/28/20",60,"SB, aJS","bif","G-15C-0005ng","G",15,"0005ng","","20",5,56.32,0.7992,""
"661","WS","7/27/20","5/28/20",60,"SB, aJS","bif","G-15C-0005ng","G",15,"0005ng","","21",5,61.64,0.9207,""
"662","WS","7/27/20","5/28/20",60,"SB, aJS","bif","G-15C-0005ng","G",15,"0005ng","","22",5,80.43,2.2522,""
"663","WS","7/27/20","5/28/20",60,"SB, aJS","bif","G-15C-0005ng","G",15,"0005ng","","23",5,80.44,2.259,""
"664","WS","7/27/20","5/28/20",60,"SB, aJS","bif","G-15C-0005ng","G",15,"0005ng","","24",5,72.39,1.4745,""
"665","WS","7/27/20","5/28/20",60,"SB, aJS","bif","G-15C-0005ng","G",15,"0005ng","","25",5,85.77,2.555,""
"666","WS","7/27/20","5/28/20",60,"SB, aJS","bif","G-15C-0005ng","G",15,"0005ng","","26",5,84.61,2.4529,""
"667","WS","7/27/20","5/28/20",60,"SB, aJS","bif","G-15C-0005ng","G",15,"0005ng","","27",5,81.71,2.417,""
"668","WS","7/27/20","5/28/20",60,"SB, aJS","bif","G-15C-0005ng","G",15,"0005ng","","28",5,71.62,1.3934,""
"669","WS","7/27/20","5/28/20",60,"SB, aJS","bif","G-15C-0005ng","G",15,"0005ng","","29",5,59.29,0.8216,""
"670","WS","7/27/20","5/28/20",60,"SB, aJS","bif","G-15C-0005ng","G",15,"0005ng","","30",5,76.52,1.7945,""
"671","WS","7/27/20","5/28/20",60,"SB, aJS","bif","G-15C-0100ng","G",15,"0100ng","","1",100,78.58,1.9394,""
"672","WS","7/27/20","5/28/20",60,"SB, aJS","bif","G-15C-0100ng","G",15,"0100ng","","2",100,52.61,0.6049,""
"673","WS","7/27/20","5/28/20",60,"SB, aJS","bif","G-15C-0100ng","G",15,"0100ng","","3",100,51.79,0.5845,""
"674","WS","7/27/20","5/28/20",60,"SB, aJS","bif","G-15C-0100ng","G",15,"0100ng","","4",100,58.58,0.874,""
"675","WS","7/27/20","5/28/20",60,"SB, aJS","bif","G-15C-0100ng","G",15,"0100ng","","5",100,69.41,1.6655,""
"676","WS","7/27/20","5/28/20",60,"SB, aJS","bif","G-15C-0100ng","G",15,"0100ng","","6",100,73.04,1.6145,""
"677","WS","7/27/20","5/28/20",60,"SB, aJS","bif","G-15C-0100ng","G",15,"0100ng","","7",100,87.77,2.6517,""
"678","WS","7/27/20","5/28/20",60,"SB, aJS","bif","G-15C-0100ng","G",15,"0100ng","","8",100,52.63,0.6085,""
"679","WS","7/27/20","5/28/20",60,"SB, aJS","bif","G-15C-0100ng","G",15,"0100ng","","9",100,66.36,1.2334,""
"680","WS","7/27/20","5/28/20",60,"SB, aJS","bif","G-15C-0100ng","G",15,"0100ng","","10",100,80.22,2.2312,""
"681","WS","7/27/20","5/28/20",60,"SB, aJS","bif","G-15C-0100ng","G",15,"0100ng","","11",100,74.6,1.8338,""
"682","WS","7/27/20","5/28/20",60,"SB, aJS","bif","G-15C-0100ng","G",15,"0100ng","","12",100,68.86,1.3807,""
"683","WS","7/27/20","5/28/20",60,"SB, aJS","bif","G-15C-0100ng","G",15,"0100ng","","13",100,62.07,1.1084,""
"684","WS","7/27/20","5/28/20",60,"SB, aJS","bif","G-15C-0100ng","G",15,"0100ng","","14",100,72.8,1.5626,""
"685","WS","7/27/20","5/28/20",60,"SB, aJS","bif","G-15C-0100ng","G",15,"0100ng","","15",100,55.54,0.669,""
"686","WS","7/27/20","5/28/20",60,"SB, aJS","bif","G-15C-0100ng","G",15,"0100ng","","16",100,70.05,1.5493,""
"687","WS","7/27/20","5/28/20",60,"SB, aJS","bif","G-15C-0100ng","G",15,"0100ng","","17",100,63.18,1.0772,""
"688","WS","7/27/20","5/28/20",60,"SB, aJS","bif","G-15C-0100ng","G",15,"0100ng","","18",100,67.16,1.2692,""
"689","WS","7/27/20","5/28/20",60,"SB, aJS","bif","G-15C-0100ng","G",15,"0100ng","","19",100,58.12,0.7788,""
"690","WS","7/27/20","5/28/20",60,"SB, aJS","bif","G-15C-0100ng","G",15,"0100ng","","20",100,64.21,1.2341,""
"691","WS","7/27/20","5/28/20",60,"SB, aJS","bif","G-15C-0100ng","G",15,"0100ng","","21",100,51.18,0.5019,""
"692","WS","7/27/20","5/28/20",60,"SB, aJS","bif","G-15C-0100ng","G",15,"0100ng","","22",100,71.39,1.5012,""
"693","WS","7/27/20","5/28/20",60,"SB, aJS","bif","G-15C-0100ng","G",15,"0100ng","","23",100,68.32,1.2448,""
"694","WS","7/27/20","5/28/20",60,"SB, aJS","bif","G-15C-0100ng","G",15,"0100ng","","24",100,78.27,2.0073,""
"695","WS","7/27/20","5/28/20",60,"SB, aJS","bif","G-15C-0100ng","G",15,"0100ng","","25",100,80.5,2.2002,""
"696","WS","7/27/20","5/28/20",60,"SB, aJS","bif","G-15C-0100ng","G",15,"0100ng","","26",100,71.15,1.5387,""
"697","WS","7/27/20","5/28/20",60,"SB, aJS","bif","G-15C-0100ng","G",15,"0100ng","","27",100,67.61,1.274,""
"698","WS","7/27/20","5/28/20",60,"SB, aJS","bif","G-15C-0100ng","G",15,"0100ng","","28",100,65.21,1.1433,""
"699","WS","7/27/20","5/28/20",60,"SB, aJS","bif","G-15C-0100ng","G",15,"0100ng","","29",100,60.96,0.9887,""
"700","WS","7/27/20","5/28/20",60,"SB, aJS","bif","G-15C-0100ng","G",15,"0100ng","","30",100,48.65,0.5202,""
"701","WS","7/27/20","5/28/20",60,"SB, aJS","bif","G-15C-0500ng","G",15,"0500ng","","1",500,82.18,2.4044,""
"702","WS","7/27/20","5/28/20",60,"SB, aJS","bif","G-15C-0500ng","G",15,"0500ng","","2",500,55.56,0.7301,""
"703","WS","7/27/20","5/28/20",60,"SB, aJS","bif","G-15C-0500ng","G",15,"0500ng","","3",500,74.78,1.605,""
"704","WS","7/27/20","5/28/20",60,"SB, aJS","bif","G-15C-0500ng","G",15,"0500ng","","4",500,59.83,0.8062,""
"705","WS","7/27/20","5/28/20",60,"SB, aJS","bif","G-15C-0500ng","G",15,"0500ng","","5",500,73.38,1.6339,""
"706","WS","7/27/20","5/28/20",60,"SB, aJS","bif","G-15C-0500ng","G",15,"0500ng","","6",500,71.36,1.2853,""
"707","WS","7/27/20","5/28/20",60,"SB, aJS","bif","G-15C-0500ng","G",15,"0500ng","","7",500,86.47,2.453,""
"708","WS","7/27/20","5/28/20",60,"SB, aJS","bif","G-15C-0500ng","G",15,"0500ng","","8",500,77.78,1.7144,""
"709","WS","7/27/20","5/28/20",60,"SB, aJS","bif","G-15C-0500ng","G",15,"0500ng","","9",500,65.63,1.2577,""
"710","WS","7/27/20","5/28/20",60,"SB, aJS","bif","G-15C-0500ng","G",15,"0500ng","","10",500,75.31,1.5102,""
"711","WS","7/27/20","5/28/20",60,"SB, aJS","bif","G-15C-0500ng","G",15,"0500ng","","11",500,81.57,2.215,""
"712","WS","7/27/20","5/28/20",60,"SB, aJS","bif","G-15C-0500ng","G",15,"0500ng","","12",500,73.86,1.9363,""
"713","WS","7/27/20","5/28/20",60,"SB, aJS","bif","G-15C-0500ng","G",15,"0500ng","","13",500,67.26,1.2822,""
"714","WS","7/27/20","5/28/20",60,"SB, aJS","bif","G-15C-0500ng","G",15,"0500ng","","14",500,76.87,1.7131,""
"715","WS","7/27/20","5/28/20",60,"SB, aJS","bif","G-15C-0500ng","G",15,"0500ng","","15",500,74.16,1.6366,""
"716","WS","7/27/20","5/28/20",60,"SB, aJS","bif","G-15C-0500ng","G",15,"0500ng","","16",500,75.59,1.8454,""
"717","WS","7/27/20","5/28/20",60,"SB, aJS","bif","G-15C-0500ng","G",15,"0500ng","","17",500,67.76,1.4389,""
"718","WS","7/27/20","5/28/20",60,"SB, aJS","bif","G-15C-0500ng","G",15,"0500ng","","18",500,59.35,0.868,""
"719","WS","7/27/20","5/28/20",60,"SB, aJS","bif","G-15C-0500ng","G",15,"0500ng","","19",500,51.57,0.5665,""
"720","WS","7/27/20","5/28/20",60,"SB, aJS","bif","G-15C-0500ng","G",15,"0500ng","","20",500,87.16,3.0434,""
"721","WS","7/27/20","5/28/20",60,"SB, aJS","bif","G-15C-0500ng","G",15,"0500ng","","21",500,72.05,1.3948,""
"722","WS","7/27/20","5/28/20",60,"SB, aJS","bif","G-15C-0500ng","G",15,"0500ng","","22",500,59.65,0.8695,""
"723","WS","7/27/20","5/28/20",60,"SB, aJS","bif","G-15C-0500ng","G",15,"0500ng","","23",500,53.18,0.7022,""
"724","WS","7/27/20","5/28/20",60,"SB, aJS","bif","G-15C-0500ng","G",15,"0500ng","","24",500,77.72,1.8039,""
"725","WS","7/27/20","5/28/20",60,"SB, aJS","bif","G-15C-0500ng","G",15,"0500ng","","25",500,67.56,1.3206,""
"726","WS","7/27/20","5/28/20",60,"SB, aJS","bif","G-15C-0500ng","G",15,"0500ng","","26",500,72.32,1.5483,""
"727","WS","7/27/20","5/28/20",60,"SB, aJS","bif","G-15C-0500ng","G",15,"0500ng","","27",500,57.8,0.7749,""
"728","WS","7/27/20","5/28/20",60,"SB, aJS","bif","G-15C-0500ng","G",15,"0500ng","","28",500,47.35,0.4243,""
"729","WS","7/27/20","5/28/20",60,"SB, aJS","bif","G-15C-0500ng","G",15,"0500ng","","29",500,48.11,0.4828,""
"730","WS","7/27/20","5/28/20",60,"SB, aJS","bif","G-15C-0500ng","G",15,"0500ng","","30",500,72.7,1.6579,""
